utc	step	file	sha256
2026-10-07T22:01:55Z	fetch-x	x/raw/2083198426146103402.json	095fe38256c2ba218e7745609ddd2066e0bd93c92529f2b531648ed6c3fa369f
2026-10-07T22:01:55Z	fetch-x	x/media/2083198426146103402_0.png	0d87879e6af488b7ae33c28b7674fa9822c7f21926189a85f727ef87b0cda8ae
2026-10-07T22:01:55Z	fetch-x	x/media/2083198426146103402_1.png	01d768a9b390dc9cc255f89fd06215b559eb20d8cb47c078a058d22890587735
2026-10-07T22:01:59Z	fetch-x	x/raw/2083200357887332636.json	912fdb50a11d65e42ee5deaf79ab7ae05c33be27a585cb3437f4c2976c97f6b4
2026-10-07T22:01:59Z	fetch-x	x/media/2083200357887332636_0.png	f20aded178ab9d6bdf452d9ca9e61697e2965b6de982cafd21fee665a575707d
2026-10-07T22:02:03Z	fetch-x	x/raw/2083222647890997696.json	85a66275ca480e1226a680642edf101620110f05684576756051ecbc90a8d7f9
2026-10-07T22:02:03Z	fetch-x	x/media/2083222647890997696_0.jpg	860c7c5301487e00ca0a1fd055fe834519a950f61cbedb34e89652fe089908c6
2026-10-07T22:02:06Z	fetch-x	x/raw/2083224631788355612.json	9486f74fa8d9d87b8aa35b8a2bf13b365c57e29f2dae0bb320b4b022449b73f8
2026-10-07T22:02:06Z	fetch-x	x/media/2083224631788355612_0.jpg	8568c8d810703449bec537ac35f0c3c43a0c7384813e7b5b297d1ce2d3ba62ad
2026-10-07T22:02:10Z	fetch-x	x/raw/2083226215301710027.json	72d3e134129bf859dfb25cf9b5784438fb25f6c358a1c7e90dc8cea0599044c9
2026-10-07T22:02:13Z	fetch-x	x/raw/2083236162357899622.json	8be5cf080a97a615e1501d7a2445788419e00025f45c121ac0c4fac1d22b9a84
2026-10-07T22:02:14Z	fetch-x	x/media/2083236162357899622_0.jpg	9bff12e17594e548c7ce64b370bcfe6edf6c5c70e19c6bebb07287ec202466ed
2026-10-07T22:02:17Z	fetch-x	x/raw/2083240130282721519.json	ef51f390f8c16a81ff26f0dea983aadb1ed9f2d6aab59dfc4b5f0e3c807ce026
2026-10-07T22:02:20Z	fetch-x	x/raw/2083247531706699940.json	3b2416682208d4c7bd1fdf3e7b2e484b6522f3cea2e200a11e039cf648b9a4b6
2026-10-07T22:02:21Z	fetch-x	x/media/2083247531706699940_0.jpg	86c3990a3c221c3faff1b3e9ad055003d7d302167aca2f9e665b7eb67b0041d3
2026-10-07T22:02:24Z	fetch-x	x/raw/2083248492919632252.json	0e2b8e5b678dc4189a76dadb2603556f98ea29fc83ba48470b89ad0af89a9f3f
2026-10-07T22:02:27Z	fetch-x	x/raw/2083262439747981483.json	ca3dee68e24d515b55b068daf27b4d4e647ff46a77aeaaf77040d877f8f44e66
2026-10-07T22:02:27Z	fetch-x	x/media/2083262439747981483_0.jpg	81995fce65eee2958bea0f46fc168e8257353f40b74b8a1ac038c2737e7a15f8
2026-10-07T22:02:31Z	fetch-x	x/raw/2083336195715543493.json	8b32a71ff6bca3778e24faead63cc58ca1ef262363f73a9d9e85f99b39226ca9
2026-10-07T22:02:31Z	fetch-x	x/media/2083336195715543493_0.jpg	71780538a48b57e502f86260f475bfb62b162a83536b2ce251abce8074d30965
2026-10-07T22:02:34Z	fetch-x	x/raw/2083400381220991025.json	81a0d70a250a54bddf1fcf2246ddee50c6ab4c0d0cbbce122b821988acad1769
2026-10-07T22:02:34Z	fetch-x	x/media/2083400381220991025_0.jpg	482bc420dd59f4145f2a0e127850f83a58394d7ad141698b5c50459f466bed58
2026-10-07T22:02:38Z	fetch-x	x/raw/2083401275723456517.json	ec1b1a22510ee3432a3baa3ed6c7b41c8e5aa0cfeefc8796ecd8ea5f73921ca6
2026-10-07T22:02:41Z	fetch-x	x/raw/2083401435119542747.json	d42483fb84fecc0c4298ff17464f76e04d6d38c64712ea4edaf80164541f73fc
2026-10-07T22:02:44Z	fetch-x	x/raw/2083413385526251566.json	7be5e1009fe19aca2698601d375a0f3972b8f3f1008d8edfec9c40a9368bfadb
2026-10-07T22:02:48Z	fetch-x	x/raw/2083418847248257029.json	0b1e9f4b18d14a5ce895d1565013081878abc0e060d35109487e7eebd397f23c
2026-10-07T22:02:48Z	fetch-x	x/media/2083418847248257029_0.jpg	e66348bf1b01dff06993df1205dd3f83824c5fbfb0d0e13cdee77bba305cdf3c
2026-10-07T22:02:51Z	fetch-x	x/raw/2084350733978120333.json	44ec6e9dc914521a2d06219f66f4ddc1ce16336e8e20c6f1117bdc345a2914be
2026-10-07T22:02:51Z	fetch-x	x/media/2084350733978120333_0.jpg	a022aac7409769b73df5e6eaabdb2ca5bd3589424db8ef36b6fab913337ccdb7
2026-10-07T22:02:55Z	fetch-x	x/raw/2084351216268595585.json	4662dd8143d82f867cb4c57504f43ff84cd4b6297b7e01a6a131bf17aa2d2eb2
2026-10-07T22:02:58Z	fetch-x	x/raw/2084391477614952585.json	108877dfb0cddf0518b13becd8ab07a190661fc717585989c31646573bfabed4
2026-10-07T22:02:58Z	fetch-x	x/media/2084391477614952585_0.jpg	4f584f4efac3ab56f58719f374cb638407715b6645f09d4ca2d8fa7c24538de4
2026-10-07T22:03:02Z	fetch-x	x/raw/2084455214682137035.json	dee094fff2ae8aa09dbe3d5ff220f22f8fb3314d1c52a943924dfed114b4a9ec
2026-10-07T22:03:02Z	fetch-x	x/media/2084455214682137035_0.jpg	5dd3fbb0a52f59aec5bb0bef869131e949d86ddf44e0a528072f16a644a40668
2026-10-07T22:03:05Z	fetch-x	x/raw/2084500770007728360.json	84c6ca9ea75a6674ecdbe7edf4f07f9997f872ad3ed15f3e120759c8f3fbf65a
2026-10-07T22:03:05Z	fetch-x	x/media/2084500770007728360_0.jpg	08e8e6c71caa69cfefbfe8664669f5155416d7ce1e38178e4af8fb338b71872d
2026-10-07T22:03:09Z	fetch-x	x/raw/2084502633683828987.json	2847b7e90dff4c2fb5fd223326e61d67e514000e5dd2ea28c5e0c8b22b9ff1a8
2026-10-07T22:03:12Z	fetch-x	x/raw/2084505999876956355.json	e032e0998cf10ff6e30a5262b13a2c4b966e5909a98eca37e1ecd91df260591b
2026-10-07T22:03:12Z	fetch-x	x/media/2084505999876956355_0.jpg	33051b6ef858d7991fa4ded60c21c02fb6f201a0382351d453609ad737f8893b
2026-10-07T22:03:16Z	fetch-x	x/raw/2084508670457471457.json	32dbd4d4e1062641c2caa0e9fe01407947e09f201256a560a6edaa480506f153
2026-10-07T22:03:19Z	fetch-x	x/raw/2084511338882077145.json	6129f0ee24e98bc770886e74f36442d587fd82f3e3b3105eeb128872fe3a6831
2026-10-07T22:03:19Z	fetch-x	x/media/2084511338882077145_0.jpg	8d2000d9f54673a272b1a0e62c52537ad07b0c6302798e42fed7b8dd3af96024
2026-10-07T22:03:19Z	fetch-x	x/media/2084511338882077145_1.jpg	eb093dfbd1c5e325264aeb7ba72497f6ae312d89222ea410e2245144a6f71cf2
2026-10-07T22:03:22Z	fetch-x	x/raw/2084516126403199292.json	3eefd3a83712d6ecfd486a529aeae1176db305274f78a2eca8bf920fd2ae93b0
2026-10-07T22:03:23Z	fetch-x	x/media/2084516126403199292_0.jpg	a92429da365b4e9eeaca2d165d2e9249b4391837037e2a8fcca783270d4b4107
2026-10-07T22:03:26Z	fetch-x	x/raw/2084518435610869817.json	83cddafe688f371152d2820d2484f7ebd6ef10fc0adf56d1c26b105ce2243ba1
2026-10-07T22:03:30Z	fetch-x	x/raw/2084519720657514966.json	ee4279a2bbeea843eb203f13cf62c03da8bfea8df801ddcb7d9bea166db18a83
2026-10-07T22:03:33Z	fetch-x	x/raw/2087175648225665121.json	27e1e27ab9e29aa566f7637783c88529dee36ce67e1090c7e71ec2dbc20ccfda
2026-10-07T22:03:36Z	fetch-x	x/raw/2087182808208875550.json	d729bffc88ed6ee4f64ece62ef418bfc00c61a8e42bfc37868f42354b8e3c3cf
2026-10-07T22:03:39Z	fetch-x	x/raw/2087185314833977397.json	48b78812359b0fdc7323586bd9d6b1ddac0d99d4c0680710ef610076729f2319
2026-10-07T22:03:40Z	fetch-x	x/media/2087185314833977397_0.jpg	4829b2148650959088d07636930e87f7c87a69dec0911d49884ebdaca141f8ea
2026-10-07T22:03:43Z	fetch-x	x/raw/2087236494956044482.json	767d691953491690843f61dc88085b9f98f9bce2ee6913e7f3572609089661ee
2026-10-07T22:03:46Z	fetch-x	x/raw/2087289410270159007.json	06a1a77070d9150d20aa5098652998de3376629015a838c9e9cbb6518c7f4e29
2026-10-07T22:03:50Z	fetch-x	x/raw/2087299108016886089.json	086daa026bc628493ca10a5ff0f3769eef342b4107782629ad250417025ead7d
2026-10-07T22:03:50Z	fetch-x	x/media/2087299108016886089_0.jpg	241bf1bf88e6a1ad3a24bf3421d15e7c71907294e6b5715200c0745f8f4d7143
2026-10-07T22:03:53Z	fetch-x	x/raw/2087313231488360912.json	00edac3c44bcbc963e9ff86234aa7df769262fdedf6bca1efe455bb3f85beebe
2026-10-07T22:03:53Z	fetch-x	x/media/2087313231488360912_0.jpg	35544bbd840be7e33abc84463abf8c05e8d099aad9ca2baa5bc50addec0dc521
2026-10-07T22:03:57Z	fetch-x	x/raw/2087315334332125636.json	18babb5aa7531766698db3f400bac80ddaf85ebe55775590834eca987c94bcf7
2026-10-07T22:03:57Z	fetch-x	x/media/2087315334332125636_0.jpg	d23509f7724196c761781d2eaccf4496a67e80104900863424d05fde9c36cf0c
2026-10-07T22:04:00Z	fetch-x	x/raw/2087316185301803475.json	39103705be9af471ae4d0993d6175cb783344b7bc82307044efb53b00fe9429f
2026-10-07T22:04:04Z	fetch-x	x/raw/2087316250363908286.json	7aac014fe7cd9aa8162293cf87936b6b56f249c0d78b621e7b8eb0ea23bd18c6
2026-10-07T22:04:07Z	fetch-x	x/raw/2087318147040739373.json	de34087b63f488527aca4b994db5c1d19c79541214567397bab414f1f6cc41ea
2026-10-07T22:04:10Z	fetch-x	x/raw/2087323575816421699.json	a86928ad44cebe32dfe9fb9035567ec4738c3036c1c533fd65fd152767238cac
2026-10-07T22:04:11Z	fetch-x	x/media/2087323575816421699_0.jpg	b6ba04d6560981610e737ebb2ecf6a80b04cdfd22454b6bae4d6b93b1dea131f
2026-10-07T22:04:14Z	fetch-x	x/raw/2087324891087286284.json	716d3291823790ddcd4bd777e59b432509435528400c8672b28fcc088f53952f
2026-10-07T22:04:14Z	fetch-x	x/media/2087324891087286284_0.jpg	82d0e989704ed08bce6d19fc3efc5b150ff2b4d7b6f33448bcaa85b36f336b75
2026-10-07T22:04:18Z	fetch-x	x/raw/2087335810244681806.json	ad7a4320459dacfd30163224b359c96da506f97e0f42bb20c4a5e679b3bb933d
2026-10-07T22:04:21Z	fetch-x	x/raw/2087339449956868449.json	c864d784e9a8bee80faa4b978742f1530dfbd6ceb27fc9847079f6f06883cb87
2026-10-07T22:04:21Z	fetch-x	x/media/2087339449956868449_0.jpg	7fb3e2f8244c8862bcaf01b4114fc1df628b7cdd411a9dbae1fb9ea4d8499ded
2026-10-07T22:04:25Z	fetch-x	x/raw/2087357780650840271.json	795332892e9e57acb83285977cb388cb3e8d5a42cdfe76e46c163381ce408ef4
2026-10-07T22:04:28Z	fetch-x	x/raw/2087362338961715331.json	e127867aae819b0b802d006bbf380d6f97270720ab82da362e2ea67c9204f693
2026-10-07T22:04:31Z	fetch-x	x/raw/2087616798820651204.json	da27d450a502da890a22522ae3992c5e0b0cfc1075d6d0af1585bd65199314a6
2026-10-07T22:04:34Z	fetch-x	x/raw/2087632223440601351.json	ef0428f6529d37231d7d2efcbb068396237fab627f24d7c2bc56def64005c6e9
2026-10-07T22:04:35Z	fetch-x	x/media/2087632223440601351_0.jpg	d838d9fbd2652628176ec7e06a651226c789c475c7a575f1d49991233e9bdf80
2026-10-07T22:04:38Z	fetch-x	x/raw/2087660666400219380.json	47687e74753b71c18aa3f785cc50726c154ed34997f642a7118189a722d1af5a
2026-10-07T22:04:41Z	fetch-x	x/raw/2087695359564791838.json	e039107f2e870c4edf92cd3e31fefd47a92203db30e18ef866bf53d1bd2f4eef
2026-10-07T22:04:42Z	fetch-x	x/media/2087695359564791838_0.jpg	9d90cdcb89d8cee3ebf14a66249056d6e055c555d9695aafebb61df00f2a9dc6
2026-10-07T22:04:45Z	fetch-x	x/raw/2087700239952056698.json	fc3f351faeb3bb82dfa450782a8616856d2104e0a4b4f084e07e3930ff30f19d
2026-10-07T22:04:45Z	fetch-x	x/media/2087700239952056698_0.jpg	27f07c1864fcadc953592eeec979aeaa2efe5118bc435f2c1a5b6ea79414ddbf
2026-10-07T22:04:48Z	fetch-x	x/raw/2087712534996423035.json	0283409c3398e7881ce4f45e532fe60e655adf1698c81531ea37965b289c43f2
2026-10-07T22:04:49Z	fetch-x	x/media/2087712534996423035_0.jpg	da124094f9326268f8d395ad13494747e328f9fcf76f1b81d9a7ff734ef9c83f
2026-10-07T22:04:49Z	fetch-x	x/media/2087712534996423035_1.jpg	04c4d9c9802e1df6466cda309a3cba768307a5e69165d1f288ac549d57b496b7
2026-10-07T22:04:49Z	fetch-x	x/media/2087712534996423035_2.jpg	213a6c43f04d1aa9d4ba385af05a15950baf5c22b8d52987f46e90e71fdbd477
2026-10-07T22:04:52Z	fetch-x	x/raw/2087724215889731690.json	a31e0b509c85a98ba74c79ae45746be85b54a91498dc09d8b06e54dae9e0db54
2026-10-07T22:04:52Z	fetch-x	x/media/2087724215889731690_0.jpg	3835bd3cf230ee292570fc59f4b25d43ee9f5a953a79e8475a1dd7175839c3a7
2026-10-07T22:04:53Z	fetch-x	x/media/2087724215889731690_1.jpg	806ee3facd49e9a24c12cd452c1dbd71161a6e46e92a856a4e4adb9796a1c839
2026-10-07T22:04:56Z	fetch-x	x/raw/2087725306823983444.json	fc2e6da404febb80caeaec8579f1aa0d9f0a36423fe5a18a96e4eb4244d6b014
2026-10-07T22:04:57Z	fetch-x	x/media/2087725306823983444_0.jpg	a6cefce8364df686ada583622566cb98b5bd0e29b6d8951d58f110e6d0346f2f
2026-10-07T22:05:00Z	fetch-x	x/raw/2087726144200003793.json	904e81164ae87ab1814e0990ce43dfa86027801115c4c930ed8694b0d3bab377
2026-10-07T22:05:00Z	fetch-x	x/media/2087726144200003793_0.jpg	59419efb454ac153aaae1fdec65f7fac626be816efdf5c9aa574a1fa51d30c74
2026-10-07T22:05:04Z	fetch-x	x/raw/2087726815854940307.json	ac49f1136863d5e15ee921afe1ca4d79efa0b4f1afdfc8e71094a86ded99162d
2026-10-07T22:05:04Z	fetch-x	x/media/2087726815854940307_0.jpg	51d79929cf279d3dd2b7d657f4103cda337b886ed936b73f9fb8b1db1ecd48f4
2026-10-07T22:05:04Z	fetch-x	x/media/2087726815854940307_1.jpg	806ee3facd49e9a24c12cd452c1dbd71161a6e46e92a856a4e4adb9796a1c839
2026-10-07T22:05:07Z	fetch-x	x/raw/2087727037452632297.json	0800517f99a65e204663462f77152afc2ca86b9b129d5815984cfefba7e3ea54
2026-10-07T22:05:11Z	fetch-x	x/raw/2087734401102741732.json	50c821e4b0a51ba1122e77886012c9579cd7e341ee7f0392370a114ea04ccefa
2026-10-07T22:05:11Z	fetch-x	x/media/2087734401102741732_0.jpg	e09bba5a7b5a4953c7775b25f6979bb2f7ff21840a21761e59454438ff197a88
2026-10-07T22:05:14Z	fetch-x	x/raw/2087736422723719479.json	251d400e771922afe715a6073b905ccd37c083c5910fed5fd76c13906753bc75
2026-10-07T22:05:15Z	fetch-x	x/media/2087736422723719479_0.jpg	199744beacbd1dd0296cf8f7264b02820fac18c7ca3ddc4632c99c9232bc8613
2026-10-07T22:05:18Z	fetch-x	x/raw/2087738929860505913.json	704a8f2fe2fea9d2a6fab129e5b7420c679925a82eaf7ad10004ebabe158395b
2026-10-07T22:05:18Z	fetch-x	x/media/2087738929860505913_0.jpg	aa7a507d813ea19d4021548905c4993998d346ffbf49df57725d5d9385963221
2026-10-07T22:05:21Z	fetch-x	x/raw/2087739600433270797.json	d81a7c110974704b60e4d69fe82fc7a942ff29d0a5d01c2d730e1e0a7d0c3f99
2026-10-07T22:05:25Z	fetch-x	x/raw/2087741259754450948.json	e56cf3b6ec507066e6635f3c742749c507f5e85e6d3213d0719c9fa3d21bb3a8
2026-10-07T22:05:25Z	fetch-x	x/media/2087741259754450948_0.jpg	e855f25d7899787ae03050f2c1d1bd3c30d386c86cd2ae9196f81325b406e4eb
2026-10-07T22:05:28Z	fetch-x	x/raw/2087741660855738458.json	9bb0cf0f3651585de299b918f960ec4e737a050231b232f90fb11fb927a26b30
2026-10-07T22:05:31Z	fetch-x	x/raw/2089019816514351360.json	3ff4620c982e29773b7ff0463493fd9a449e3c58629e983db49c2198f33e5b90
2026-10-07T22:05:35Z	fetch-x	x/raw/2089043016149327901.json	b944c2e85f624de752400deb17e65e926d5087f1ea9bf261c059a752f3782447
2026-10-07T22:05:35Z	fetch-x	x/media/2089043016149327901_0.jpg	386d093a167ef909f67e5e4ae5c92cc19367ad40913a57c7f6937c48f78d4bdb
2026-10-07T22:05:35Z	fetch-x	x/media/2089043016149327901_1.jpg	ab4d53e3913aae1022efde7630b0c912e7e5af5559f0fa20710c74ae0642d695
2026-10-07T22:05:38Z	fetch-x	x/raw/2089054427114074446.json	0d7b45d4837482ad22969913729233465f745aeb243109515fd5f11cb595f351
2026-10-07T22:05:42Z	fetch-x	x/raw/2089113054076186697.json	963ed52bc715ef89b01d4c8343e0e5600cda949d2da29fab949f81f5554b2b60
2026-10-07T22:05:45Z	fetch-x	x/raw/2089132602846216565.json	988c7d75281c50c3c529e20bc46e3276a6de99b2e282c620080c4fe76fd2e817
2026-10-07T22:05:48Z	fetch-x	x/raw/2089150428424352010.json	ac5edcf8fcde57c5aa2db2271bc257eb9d96269e2adbcf883ea01ae2a1f7a76a
2026-10-07T22:05:51Z	fetch-x	x/raw/2089164274400711121.json	a3cd9d7f08e2fd461897461dc8c0b579438c9197adea9cbad95bdad7ac8904c7
2026-10-07T22:05:55Z	fetch-x	x/raw/2089202742937989230.json	490227ea46933348598d0c4f18a5398a98acc36479101ac3ae27fb969a475f2d
2026-10-07T22:05:55Z	fetch-x	x/media/2089202742937989230_0.jpg	b0d304b875b87747db594fc3016706c57c2f8c1f6b05dd4bbb02c912e45ee7b8
2026-10-07T22:05:58Z	fetch-x	x/raw/2090348525842260151.json	0059a952211e9c92f1fb5333337e8d4c445612700e4171811f6826a16bfb9edb
2026-10-07T22:06:02Z	fetch-x	x/raw/2090581886380949752.json	1f47005ec0ec168fca96cbf02e0769956aa0273be958e1476edc41240a6339ae
2026-10-07T22:06:02Z	fetch-x	x/media/2090581886380949752_0.jpg	2b3bd1cbe4a4e2764efc3f89cc5061ce8cdb13a47b6225c4d15b2876149ef5dc
2026-10-07T22:06:05Z	fetch-x	x/raw/2090582791163359427.json	ef31cf734b0c76149dc933b20aa75839e940ded82759ec9bc086260ae39531ae
2026-10-07T22:06:09Z	fetch-x	x/raw/2090620008321691811.json	ca076c8cb772ec957dacbabe72f93c433a1351ecd313035317e0e3e988578d48
2026-10-07T22:06:09Z	fetch-x	x/media/2090620008321691811_0.jpg	aa18f7dc5170c931eec6b541fb2328f69205936a854edd08b103c6fd5330b11b
2026-10-07T22:06:12Z	fetch-x	x/raw/2090629120438776305.json	5ffd4cd8f5f2cd28d3c8a5953234af1c954f5c421eb6b705677326e304b55a35
2026-10-07T22:06:12Z	fetch-x	x/media/2090629120438776305_0.jpg	3ab0f45f169345dc246d99251a58f0f1cafac201f25d25d7803e85ba83738d29
2026-10-07T22:06:16Z	fetch-x	x/raw/2090673821090988414.json	831ab5104dad537c82b69b04eafd89d70c4f15eed16407c7198c778ad49b70ad
2026-10-07T22:06:16Z	fetch-x	x/media/2090673821090988414_0.jpg	94cadaecf2aea56a078cc97299dfe2d2610ed4b71ecdfa2152c2618add92c006
2026-10-07T22:06:19Z	fetch-x	x/raw/2090673868713201874.json	4e8c7a49345882c65e7296fc5c9d8cc3adffa09abfe4eb417cae748347036de3
2026-10-07T22:06:23Z	fetch-x	x/raw/2090675291081310510.json	6b4feea8188176473da7a60c9b2f5fb566d08a7a12de7ba25500abaa85fc2684
2026-10-07T22:06:26Z	fetch-x	x/raw/2091896185548054641.json	275c99fbc278082f3a7e181ef5d3000c1472edf6c42a5d9069e8cd8b5139e838
2026-10-07T22:06:29Z	fetch-x	x/raw/2091952743950803111.json	af700cc1603118928fef5ad14dc29eb1563f8f7b8bb0ed5a0afa7e006461f53f
2026-10-07T22:06:32Z	fetch-x	x/raw/2091953048096526374.json	007116e3f2a94f56b6113e02debf19c085a36de2be34ff2c2b19ea5fe4e91b0c
2026-10-07T22:06:33Z	fetch-x	x/media/2091953048096526374_0.jpg	53c4b7e3db66fcc4fb9e66a07725c629ac9d62855ab2f179d4daee88954eebca
2026-10-07T22:06:36Z	fetch-x	x/raw/2091964472352989426.json	75fc6eabbe8988df50e038a79a8e23d5d2e64ebb9009ffaedd9f07d1a6e7ee2c
2026-10-07T22:06:36Z	fetch-x	x/media/2091964472352989426_0.png	2de020890f26b74212292142e23d64eb3e55f80c0b465a2d6fe06d6c550bd5e4
2026-10-07T22:06:39Z	fetch-x	x/raw/2091965336518107646.json	0c2ec0a6af8ad8d4ef01dc59e40d9c37e528d94735b01c2adbfdaea0dd1f9f7b
2026-10-07T22:06:40Z	fetch-x	x/media/2091965336518107646_0.jpg	47e358b9f28c21795966b42aefd73a17683942040d5a877cb52cb7db8d754b56
2026-10-07T22:06:43Z	fetch-x	x/raw/2091966897591861716.json	ec1d7047460544a06ca1a972c1e128920f85d14efdc535a9c82a6f87491897c2
2026-10-07T22:06:43Z	fetch-x	x/media/2091966897591861716_0.png	89419fca84c54c958d99061b6d319217c2bb80f693a25a5e1aaa42377e0c1775
2026-10-07T22:06:46Z	fetch-x	x/raw/2091967628709372224.json	6f262aeae2f77d1a30f0d50dd80ca64fce97ec22c9b9caabe863559fd3961724
2026-10-07T22:06:47Z	fetch-x	x/media/2091967628709372224_0.png	fd8de6d7bc15587f63fab4f4bbbe99bd133904f0b667f101658ab2bbe95f18d5
2026-10-07T22:06:50Z	fetch-x	x/raw/2092004500026368380.json	94c3a19d6ec810f235b43df5b2228b04cc63b6c04d7cc1977621ded73a8d59ad
2026-10-07T22:06:50Z	fetch-x	x/media/2092004500026368380_0.png	e967b23a7fdd78ddc6cd0221757e7b467904609dcfdc9e4e0713cde6555cfb7c
2026-10-07T22:06:53Z	fetch-x	x/raw/2092009887404314748.json	63d9c1f8311c59c209056a2595b2dd30cba7306123b3291521461799bf9f7351
2026-10-07T22:06:53Z	fetch-x	x/media/2092009887404314748_0.jpg	82cf3cc2ac21bd9e89f778c37dcad8c738e20ead56069cd6dc2f7531b3e83b71
2026-10-07T22:06:57Z	fetch-x	x/raw/2092010087212622290.json	dd2636661e803bd17f550325af7fe582d4db0b23b39f35f83cddd670452247c1
2026-10-07T22:07:00Z	fetch-x	x/raw/2092010714936353217.json	f50bba2f73bbd49796bca32386dc0a1bc2b3bf0fc6e1c8f644fd068fe6651c08
2026-10-07T22:07:03Z	fetch-x	x/raw/2092012610954686949.json	db5f6094fdd39618ad18d6f4ede38e807cfbae99ee30d0413fce410e48620a84
2026-10-07T22:07:06Z	fetch-x	x/raw/2092012757927317609.json	9cd3b6aa77a7afd2c435e2ff28d4d18e7ed3f8c8c3ce67bfae8fde9745dba811
2026-10-07T22:07:10Z	fetch-x	x/raw/2092033973719326960.json	7c26e4865f7387c5b34fa6ca4968e4817d073cf1358d8bad78ccbce43331349c
2026-10-07T22:07:10Z	fetch-x	x/media/2092033973719326960_0.jpg	7f926b9c7f74072573f3f2fc51c84e3f313dfd35d5939e5ec8da823e68c8adb7
2026-10-07T22:07:13Z	fetch-x	x/raw/2092034138534555746.json	4e743b894aacaa9727d303817d2dd5de8bbf75f48395753ad3c88bda3252f397
2026-10-07T22:07:13Z	fetch-x	x/media/2092034138534555746_0.jpg	64401b45c29cda7b63bae3e3dcceb302a966ddd9fd0057f4f82505aafa263e19
2026-10-07T22:07:17Z	fetch-x	x/raw/2092037115970273636.json	2becdb220fa3ecf9ce554ab6f9f33531e902187f31d575d565af1dd2b6ebc420
2026-10-07T22:07:17Z	fetch-x	x/media/2092037115970273636_0.jpg	b1c301fcf61c6bddd1209c60f6539c77ea910b09c5a7563b37d1d86f446eaabd
2026-10-07T22:07:20Z	fetch-x	x/raw/2092038589962219712.json	c26be8e7410b5fecff6441a004495b09ac82f5c85369d26387d34eac3f91d475
2026-10-07T22:07:21Z	fetch-x	x/media/2092038589962219712_0.jpg	3f093ff3f5c3fd99782adc43a36422b0c2fc8961afed1ea87376d7505ee7f78e
2026-10-07T22:07:24Z	fetch-x	x/raw/2092039228288889147.json	56bb74716483eaca0c8ad335e27790bef030698f737395347a3352bed594f603
2026-10-07T22:07:24Z	fetch-x	x/media/2092039228288889147_0.jpg	67b95e49b1b508ca9ddf3224a73996d153b0076a23d102b8f7d9394d88c66ac2
2026-10-07T22:07:27Z	fetch-x	x/raw/2092040872342770077.json	d517c9c827bd4b535f209226bb64be98c6d60b16882f2c3ff6cafe83024a3746
2026-10-07T22:07:27Z	fetch-x	x/media/2092040872342770077_0.jpg	9f25f1722a3514f5334730bf5cffc51c66c1e179ae49d4e1f14a154a697c68f6
2026-10-07T22:07:31Z	fetch-x	x/raw/2092041203726299427.json	be546f694495122512176c4ec730745f079c06b3dc6382cb0963abe0e09fb537
2026-10-07T22:07:34Z	fetch-x	x/raw/2092048219224121584.json	729e5442a1c4997079aa866b4058e173390be7e091874399013b2dd2f99698cb
2026-10-07T22:07:37Z	fetch-x	x/raw/2092055879013072972.json	8aa89586b628b7d41c6ae1aa6a5a4ebd7921a071d742217726b27e4188bab075
2026-10-07T22:07:38Z	fetch-x	x/media/2092055879013072972_0.jpg	49f5eccc825a5a6a4cd5016796ac8cfdbd56f05d9834584213f9701389f0f360
2026-10-07T22:07:41Z	fetch-x	x/raw/2092055882284597545.json	0bb2dd3835157d3cdd419742536f45d319a379575c68e4a14f7528b2574616c2
2026-10-07T22:07:44Z	fetch-x	x/raw/2092058774231982402.json	d7baed9aa2be64cf9ef041d11d3532835ae0444df86c398dd1ed5af3b17bcfe8
2026-10-07T22:07:44Z	fetch-x	x/media/2092058774231982402_0.jpg	eeeed136af127e5f84349a48e95f24f4907da63f9f2f04391eb726bbcb78f31e
2026-10-07T22:07:47Z	fetch-x	x/raw/2092063950120567214.json	72bb4e174fb0019423c1220c44c916026b5b74cba882e98fb8671aeb9592de39
2026-10-07T22:07:48Z	fetch-x	x/media/2092063950120567214_0.jpg	0a466b1ee76e817941b85ad6d9f22651915ddeacbfe914b79de05f6870366629
2026-10-07T22:07:51Z	fetch-x	x/raw/2092070035162366117.json	0d84ce44ab99810c3e423681cacf25c1ac5cdcd7f26893b7ea77362e2d1538de
2026-10-07T22:07:51Z	fetch-x	x/media/2092070035162366117_0.jpg	a9973792c070e64cfcb788473ccc4f3677a04157b0507fa70467f215f5f3af2a
2026-10-07T22:07:54Z	fetch-x	x/raw/2092077717902459275.json	94de3a43bb1f5d84f3dfeeb5a8e0ef29ab58d8d96b81727ad2de69ffcb664e55
2026-10-07T22:07:57Z	fetch-x	x/raw/2092083959014228427.json	e0e7a93b07cbedd0596879830e1dab05eb8bd6d5f6e142ef3ad5787fde465809
2026-10-07T22:08:01Z	fetch-x	x/raw/2092085370343108922.json	8d06713cf6a0df93a1df8d61f2037e32f316cb0a57861788f94db92e2865fc21
2026-10-07T22:08:01Z	fetch-x	x/media/2092085370343108922_0.jpg	be97e45f2662b98f73138bc1e5c2d0a4cd65d4a16020e184dd10503a9cd6aed9
2026-10-07T22:08:04Z	fetch-x	x/raw/2092085504040734947.json	86da5688d941ab91ae0bbbc79679b1aee77a965f97c9a4888b7ccc6989ee83a8
2026-10-07T22:08:08Z	fetch-x	x/raw/2092087236955078761.json	f9964672d31bb05eaaa98d1f89f3abf370233c8b53b1fff8f02e37d5bfae92fc
2026-10-07T22:08:11Z	fetch-x	x/raw/2092089982689198431.json	4584ca73d4136f621a283ff75ea7c4875a7e168eaf8bcd5373514170d66333ee
2026-10-07T22:08:11Z	fetch-x	x/media/2092089982689198431_0.png	c709a3e99155b760b63e3df71e135b8d7c312370a4ea56e6493357938da102dc
2026-10-07T22:08:14Z	fetch-x	x/raw/2092093433385017503.json	04d3bf460f1f240d75bb494c437821b33c011ed5b79ce655b83f2f9cd8271b0d
2026-10-07T22:08:18Z	fetch-x	x/raw/2092093550229909669.json	e593db5555be31250e9ffd6b98aa15958151c442fe51b458a764c6adfd752b24
2026-10-07T22:08:21Z	fetch-x	x/raw/2092097397258178960.json	d2be7ae3ee676fd47ff9d216dddf603e499d3f9a08e3050d1d2e35491044f521
2026-10-07T22:08:21Z	fetch-x	x/media/2092097397258178960_0.jpg	53bbad46f1731666583279ce59bdfb76049f5ba436d5142fe72254b079f0116f
2026-10-07T22:08:21Z	fetch-x	x/media/2092097397258178960_1.jpg	81995939185eab37471abe81c480df231a5fe7e58a57743aec24557d001d0c85
2026-10-07T22:08:22Z	fetch-x	x/media/2092097397258178960_2.jpg	2e5ece4f78a83700758297d324d0aa2f0bcdbe252f74a57fe7f6a06694b7a57a
2026-10-07T22:08:22Z	fetch-x	x/media/2092097397258178960_3.jpg	140d3ac2b5e17e4ef254eeeecca054ab9da5c85fd48b1314f8a1640fc874fd99
2026-10-07T22:08:25Z	fetch-x	x/raw/2092098139268219014.json	ca97e430bd84386275813fe3017c9d1ba02142efce6057b4722f077510a0411b
2026-10-07T22:08:29Z	fetch-x	x/raw/2092121179653890141.json	f3dd8d6792b55f096a7648559ec0364e7219ef1418563233747884f2e7a2b640
2026-10-07T22:09:00Z	fetch-x-media	x/media/2083224631788355612_0.mp4	2c294ae8e08f0defc086c8e21b57bf343da4055bfedea631ab630e323150e7cc
2026-10-07T22:09:02Z	fetch-x-media	x/media/2083262439747981483_0.mp4	3d151ba54093325bcca38f358afa9baabcf129dc6126df2e76f9f394c09987e8
2026-10-07T22:09:06Z	fetch-x-media	x/media/2083336195715543493_0.mp4	217dabc1f38d95b93fa53afcc557f62854b506a673dded6c64a564a01d811eea
2026-10-07T22:09:08Z	fetch-x-media	x/media/2084516126403199292_0.mp4	4518d2789a66621a7f1278871b100c2bed7fade2b4112a831524ff91b4fc53d4
2026-10-07T22:09:12Z	fetch-x-media	x/media/2087299108016886089_0.mp4	90eb121747c1a08cd468d228027bc3fea895dd6571d32a93c04955b1fbee75bd
2026-10-07T22:09:15Z	fetch-x-media	x/media/2087724215889731690_0.mp4	0f95533e42646b6eec1ccd22da663d67f3b65f5f7d36f83e0c8d7040f5b3241b
2026-10-07T22:09:19Z	fetch-x-media	x/media/2087734401102741732_0.mp4	e74e778afe232e63758689176bd7e8e573eeb91e17293319ac2a8e36d07343b9
2026-10-07T22:09:22Z	fetch-x-media	x/media/2087741259754450948_0.mp4	322051a8ebceb8761f6ecaf62a21cc45d24a75931bc176131179a978033ca4db
2026-10-07T22:09:24Z	fetch-x-media	x/media/2089202742937989230_0.mp4	d762fd9a78d1c1445426d4ac148c85c86ab2bac1e43aa84ae2c97c4335cb841f
2026-10-07T22:09:27Z	fetch-x-media	x/media/2090581886380949752_0.mp4	94327e0c76d7fe1b12359b870153fd4561e65465213a93196a7cd4e425a91437
2026-10-07T22:09:30Z	fetch-x-media	x/media/2090629120438776305_0.mp4	e10eb2d534053872ad26b81976eb630c4dcb0c88e076395fd83a43ea9347297b
2026-10-07T22:09:32Z	fetch-x-media	x/media/2090673821090988414_0.mp4	f3e7369e485bfe94ba712f7deb7f810c776526f50082c6a1b45ce3a50c1c8566
2026-10-07T22:09:37Z	fetch-x-media	x/media/2092055879013072972_0.mp4	7191ea5094128c1d0b31c3d055d32396c5486e8f630aca62adff30d4eea2a824
2026-10-07T22:09:42Z	fetch-x-media	x/media/2092085370343108922_0.mp4	971985ba2f24cea2c7aa990c16751b2add9836166994e71d1d35c6dfa5ab1fdb
2026-10-07T22:09:46Z	fetch-x-media	x/media/2092097397258178960_0.mp4	e7309ec5f922b3cb7413da9502423f97844e2eedd1baf41cb915b095568e520f
2026-10-07T22:10:07Z	files	out/files.csv	cd1914b2df176e0af6813cb82ad7fec2dc94251f3d40bd29c4548e02cddd5631
2026-10-07T22:10:07Z	files	out/files_report.md	b30330c299e79cedf29d447f511a58d1adc612776533665848c9056710dbdfd1
2026-10-07T22:11:06Z	add-ig	ig/capture/posts.jsonl	0e2a9e86d772fce0e1b4c2c55ebcc17e8b894167e8fbb7168b78d2372048b6b4
2026-10-07T22:11:06Z	add-ig	ig/capture/manifest.json	67fdc0149c03fda2bec1104b2be943f8c5af110eaf508bf069821e0d72b1e61f
2026-10-07T22:11:06Z	add-ig	ig/capture/profile.json	44136fa355b3678a1146ad16f7e8649e94fb4fc21fe77e8310c060f61caaff8a
2026-10-07T22:11:06Z	add-ig	ig/capture/raw_responses.jsonl.gz	85fd12b2c453af47863607f946900327b9dfcdb4bb7fb8c590eef3fddd837e4c
2026-10-07T22:11:06Z	add-ig	ig/capture/run.log	4294b1971572184d8e2970d8c5b977edb123b112fc62a4b26e978844f21ee4a7
2026-10-07T22:20:58Z	evidence	evidence/tab_0845_ldsabuseonx_grid_riggs_comment.jpg	9a3bcb44a3e08fbc2b5d287ad33845a05a50625bcf9c8f7b00a3a527b9ff2c8a
2026-10-07T22:20:59Z	evidence	evidence/tab_0846_ldsabuseonx_about_this_account.jpg	6e4af74c2875e9d869046a5cef368545328e894d7094f87c72811c6341cd3767
2026-10-07T22:20:59Z	evidence	evidence/tab_0846_ldsabuseonx_profile_bio.jpg	18af5ec31cad42aeb041ea7995f0b91d7a4e07abb518de3d4d33e2116ea43ceb
2026-10-07T22:20:59Z	evidence	evidence/tab_1305_x_ldsabuse_profile_32.9K_posts.jpg	88eb793a0937b9c6fe384160f6ed99ccb1fba6c040f5d9604a7072734115e61c
2026-10-07T22:20:59Z	evidence	evidence/tiktok_181239_ldsabuse_on_x_profile.jpg	db4ac20f74e75b763dba7931bf90629a5fbd0ebfed25e5d3ad9819b9e07cf051
2026-10-07T22:20:59Z	evidence	evidence/x_2043174367731880373_img.jpg	af301820df2d4b5a28b1df2aae4d7a89397cada6b29d8266c197cbdb64382afe
2026-10-07T22:20:59Z	evidence	evidence/x_1797121708735782925.json	01add357b43dd025b3b885a0e13d65c774edc9a374a7670db454fa7040add8e4
2026-10-07T22:20:59Z	evidence	evidence/ldsabuseonx_posts_by_origin.tsv	faf04a1fad7227dd45f34f1acae86a567b3a9e7a90bd5b9e9e925de8afda6360
2026-10-07T22:20:59Z	evidence	evidence/riggs_episodes_exact.tsv	c78fcb761b242464a5c322cc7833604265f8e1aec588c30f4c0740254c90dbc0
2026-10-07T23:51:43Z	add-ig	ig/capture/posts.jsonl	0e2a9e86d772fce0e1b4c2c55ebcc17e8b894167e8fbb7168b78d2372048b6b4
2026-10-07T23:51:43Z	add-ig	ig/capture/manifest.json	67fdc0149c03fda2bec1104b2be943f8c5af110eaf508bf069821e0d72b1e61f
2026-10-07T23:51:43Z	add-ig	ig/capture/profile.json	44136fa355b3678a1146ad16f7e8649e94fb4fc21fe77e8310c060f61caaff8a
2026-10-07T23:51:43Z	add-ig	ig/capture/raw_responses.jsonl.gz	85fd12b2c453af47863607f946900327b9dfcdb4bb7fb8c590eef3fddd837e4c
2026-10-07T23:51:43Z	add-ig	ig/capture/run.log	4294b1971572184d8e2970d8c5b977edb123b112fc62a4b26e978844f21ee4a7
2026-10-07T23:51:43Z	add-ig	ig/media/Da0njOCp7Xb/instagram__Da0njOCp7Xb.jpg	31cba40144fe0aeae60bc06465bc4a9b4e7dd50825e5a80337949ee6192d69dc
2026-10-07T23:51:43Z	add-ig	ig/media/Dbed4OEN_9d/instagram__Dbed4OEN_9d.manifest.json	74d298c00f571d307ac5a26cc250de0a152ee4dfd1764935b79afc1ea8bc445e
2026-10-07T23:51:43Z	add-ig	ig/media/Dbed4OEN_9d/instagram__Dbed4OEN_9d.mp4	3548830115bfc2e77dfbd33fb7799a1b1952cfea45fb15e8621a3fd2c4e684da
2026-10-07T23:51:43Z	add-ig	ig/media/Dbed4OEN_9d/instagram__Dbed4OEN_9d.srt	104451722bafdf7e6938c7238753a4c494e3ce1718bebc5f033bd7387f333cbb
2026-10-07T23:51:43Z	add-ig	ig/media/Dbed4OEN_9d/instagram__Dbed4OEN_9d.txt	f6000809ef5e544b16e992bb9c9a12af410ca6e8a4ad4aa8b20a1eefc7146a51
2026-10-07T23:51:43Z	add-ig	ig/media/Dbed4OEN_9d/instagram__Dbed4OEN_9d.whisper.json	0d8687d237862e247e378618cbf7939e5ad099ef3f0b1cd64706232c498410e2
2026-10-07T23:51:43Z	add-ig	ig/media/Dbm17ScJJmq/instagram__Dbm17ScJJmq.manifest.json	23ae72a925cdc9445ddcd231c9cf74b8ec0bf5c0035bac8ad6a61d679b542c0c
2026-10-07T23:51:43Z	add-ig	ig/media/Dbm17ScJJmq/instagram__Dbm17ScJJmq.mp4	a139d831523358bea65e3f4e33c49849095dbc5ec43a5b982986415985237f01
2026-10-07T23:51:43Z	add-ig	ig/media/Dbm17ScJJmq/instagram__Dbm17ScJJmq.srt	c034bb859a31ca4ec28ff81d9c1408d2a322d4a40bf943f35397f314dd2e61b4
2026-10-07T23:51:43Z	add-ig	ig/media/Dbm17ScJJmq/instagram__Dbm17ScJJmq.txt	eb4bd64f7014f7d42e9d358035802242741b974e8dfcd37c59f9c21ce29d781e
2026-10-07T23:51:43Z	add-ig	ig/media/Dbm17ScJJmq/instagram__Dbm17ScJJmq.whisper.json	42d1a5c78c543a5f424ad5d2ffd42c1eaed28358e2d4199be11b684229197456
2026-10-07T23:51:43Z	add-ig	ig/media/Db6ohLRp-rK/instagram__Db6ohLRp-rK.manifest.json	09c6d153950ba45d338a32b391e3cb7760f3bc6172a9a4fd076dac77ff001ec2
2026-10-07T23:51:43Z	add-ig	ig/media/Db6ohLRp-rK/instagram__Db6ohLRp-rK.mp4	84eca0d791840e620ce6f856bbd5a307be84f714533ef18b5162eb2f5344f4a1
2026-10-07T23:51:43Z	add-ig	ig/media/Db6ohLRp-rK/instagram__Db6ohLRp-rK.srt	b2096d92250486fabb377070c59e16ce90ad5dc9e57f1941cfd33808ac766d93
2026-10-07T23:51:43Z	add-ig	ig/media/Db6ohLRp-rK/instagram__Db6ohLRp-rK.txt	94c98a922f962b07781367193e8556b3a556801c2270bb6a16027bc83563233a
2026-10-07T23:51:43Z	add-ig	ig/media/Db6ohLRp-rK/instagram__Db6ohLRp-rK.whisper.json	0d6e756595ade564ca51cb400627bf2d7524778751451ef6ee4405b56caee032
2026-10-07T23:51:43Z	add-ig	ig/media/Db9nwIFM1L7/instagram__Db9nwIFM1L7.manifest.json	4ed30edf999d6011eaed212df33defdde25fe0ef290fde1d78bb077c048a4618
2026-10-07T23:51:43Z	add-ig	ig/media/Db9nwIFM1L7/instagram__Db9nwIFM1L7.mp4	873bbb86fc73aba15f98503ea816e30177862104da4c42ca0f527c9e289239be
2026-10-07T23:51:43Z	add-ig	ig/media/Db9nwIFM1L7/instagram__Db9nwIFM1L7.srt	afe5938c08d01a540e4deaa3ed2caf084cf1eb56dbb4d2b4928ed04b6aca63a1
2026-10-07T23:51:43Z	add-ig	ig/media/Db9nwIFM1L7/instagram__Db9nwIFM1L7.txt	93f57c904633b2f94b281edb7e9280afcfdc9a7dd13d1d8376c9c524ee136efc
2026-10-07T23:51:43Z	add-ig	ig/media/Db9nwIFM1L7/instagram__Db9nwIFM1L7.whisper.json	8cfb489dcbcbf2d089bff85ea342ec8387156cf0f59e2e074b60de7988a9a581
2026-10-07T23:51:44Z	add-ig	ig/media/Db9uvtKNmYf/instagram__Db9uvtKNmYf.manifest.json	0dfafaf5979dd0ae6eaf52658ba6954dd1fccf5aa1a3c15856fa63bbb7f75de5
2026-10-07T23:51:44Z	add-ig	ig/media/Db9uvtKNmYf/instagram__Db9uvtKNmYf.mp4	f27b0b9047b52a10074a642fb847e311ec46b95172440e36f26bfa7c75ad2dcd
2026-10-07T23:51:44Z	add-ig	ig/media/Db9uvtKNmYf/instagram__Db9uvtKNmYf.srt	bc77d0bd5d707e24157090a2e791f6b8c96501a9f6d3fa18233534c946d0247c
2026-10-07T23:51:44Z	add-ig	ig/media/Db9uvtKNmYf/instagram__Db9uvtKNmYf.txt	a06eb9d356556f46c985587bd6fb3d69d655efeb772619a1702f7bcd65866ec6
2026-10-07T23:51:44Z	add-ig	ig/media/Db9uvtKNmYf/instagram__Db9uvtKNmYf.whisper.json	0ffcd52a51fddf0e558a3b7cd79650594e5d5b8336f5f84d11d34f95be18e214
2026-10-07T23:51:44Z	add-ig	ig/media/DcH0fVYBHbq/instagram__DcH0fVYBHbq.mp4	61b800d1b900372e11745eef29f4667085543ffbd7d4bf5b8d9fd58d2aaace5e
2026-10-07T23:51:44Z	add-ig	ig/media/DcR9bobtKcF/instagram__DcR9bobtKcF.jpg	614c537fd0d05426dce327481f56bb7496a02dadcf80a6ce2b2975f74eb2af07
2026-10-07T23:51:44Z	add-ig	ig/media/DccZ0o1NmEo/instagram__DccZ0o1NmEo.manifest.json	b5623ad5ab0d3dd895ca959900959ce5664489d01af30f7eed29d9c28b7e1298
2026-10-07T23:51:44Z	add-ig	ig/media/DccZ0o1NmEo/instagram__DccZ0o1NmEo.mp4	6cca36a7521d83d350d3a8f071f03d3c138dcee69ff04d9b738c3903cfc61a92
2026-10-07T23:51:44Z	add-ig	ig/media/DccZ0o1NmEo/instagram__DccZ0o1NmEo.srt	a620bb622a69932a3a5f9e7eaee3df9915cec5939befe16f9d3ee341e84640e1
2026-10-07T23:51:44Z	add-ig	ig/media/DccZ0o1NmEo/instagram__DccZ0o1NmEo.txt	08a606ef0d96b5ea358c36ed95587f6067b817c1bb898016b71544a467241bbe
2026-10-07T23:51:44Z	add-ig	ig/media/DccZ0o1NmEo/instagram__DccZ0o1NmEo.whisper.json	af8532555e4debe0885dce9a9745585dc26a45da79184ae3f6ad9cf8f57151f4
2026-10-07T23:51:44Z	add-ig	ig/media/DcckYqIBFZ2/instagram__DcckYqIBFZ2.manifest.json	bd1fa4315def5a186bceb0cb35a3f187a3ec44e9d115e1106ebad6197890ff7e
2026-10-07T23:51:44Z	add-ig	ig/media/DcckYqIBFZ2/instagram__DcckYqIBFZ2.mp4	19cc15bd1f3dfa00faeb0b1d23169769a77d03f99cdc04fcb2aab7e9cdb4de4f
2026-10-07T23:51:44Z	add-ig	ig/media/DcckYqIBFZ2/instagram__DcckYqIBFZ2.srt	a6c5bc0dbbbf5569c0be2709721f97b6906616cfa1ceceaa0a576370aeb7898e
2026-10-07T23:51:44Z	add-ig	ig/media/DcckYqIBFZ2/instagram__DcckYqIBFZ2.txt	cf401678861541262002e2a93b2088d07909b9105586710da8d6a1d8932a1e99
2026-10-07T23:51:44Z	add-ig	ig/media/DcckYqIBFZ2/instagram__DcckYqIBFZ2.whisper.json	8f28d5e3f36cf36068c7bc3fc76f4c2471ee6f0fc9e200708b18876c53543613
2026-10-07T23:52:26Z	files	out/files.csv	02a88d032fd6b79dba1d542d93dd6c96b66fc9c802ccbe04ff61ee78b795b41a
2026-10-07T23:52:26Z	files	out/files_report.md	5f2a77ba86dfde8ecadd56549b8da08fc3c21a9836344d62efa96406567f06e2
2026-10-07T23:54:28Z	analysis	out/figures/fig4_same_videos_midframes.png	24f57386a0a8eef20240b0d57b9bc743f6679ebf8e31658736b233edac4f831c
