file,item,sha256,side,acodec,bitrate_kbps,bytes,compatible_brands,container,creation_time,duration_s,encoder,fps,handler,height,icc_profile,jfif,major_brand,other_tags,pil_format,pix_fmt,profile,sample_rate,vcodec,vendor,width
x/media/2083198426146103402_0.png,2083198426146103402,0d87879e6af488b7ae33c28b7674fa9822c7f21926189a85f727ef87b0cda8ae,X,,0,37076,,png_pipe,,0.0,,25/1,,377,,False,,,PNG,rgba,,,png,,657
x/media/2083198426146103402_1.png,2083198426146103402,01d768a9b390dc9cc255f89fd06215b559eb20d8cb47c078a058d22890587735,X,,0,67450,,png_pipe,,0.0,,25/1,,284,,False,,,PNG,rgba,,,png,,247
x/media/2083200357887332636_0.png,2083200357887332636,f20aded178ab9d6bdf452d9ca9e61697e2965b6de982cafd21fee665a575707d,X,,0,193310,,png_pipe,,0.0,,25/1,,246,,False,,,PNG,rgba,,,png,,586
x/media/2083222647890997696_0.jpg,2083222647890997696,860c7c5301487e00ca0a1fd055fe834519a950f61cbedb34e89652fe089908c6,X,,54780,273902,,image2,,0.04,,25/1,,1646,0ff6958f9868,True,,,JPEG,yuvj420p,Progressive,,mjpeg,,1260
x/media/2083224631788355612_0.jpg,2083224631788355612,8568c8d810703449bec537ac35f0c3c43a0c7384813e7b5b297d1ce2d3ba62ad,X,,14489,72448,,image2,,0.04,,25/1,,1200,,True,,,JPEG,yuvj420p,Progressive,,mjpeg,,675
x/media/2083224631788355612_0.mp4,2083224631788355612,2c294ae8e08f0defc086c8e21b57bf343da4055bfedea631ab630e323150e7cc,X,aac,985,7352022,isomiso4,"mov,mp4,m4a,3gp,3g2,mj2",2026-10-07T22:08:56.000000Z,59.65,,24/1,Twitter-vork muxer,1280,,,isom,,,yuv420p,High,44100,h264,[0][0][0][0],720
x/media/2083236162357899622_0.jpg,2083236162357899622,9bff12e17594e548c7ce64b370bcfe6edf6c5c70e19c6bebb07287ec202466ed,X,,37695,188476,,image2,,0.04,,25/1,,2048,,True,,,JPEG,yuvj420p,Progressive,,mjpeg,,696
x/media/2083247531706699940_0.jpg,2083247531706699940,86c3990a3c221c3faff1b3e9ad055003d7d302167aca2f9e665b7eb67b0041d3,X,,45759,228796,,image2,,0.04,,25/1,,1849,0ff6958f9868,True,,,JPEG,yuvj420p,Progressive,,mjpeg,,1260
x/media/2083262439747981483_0.jpg,2083262439747981483,81995fce65eee2958bea0f46fc168e8257353f40b74b8a1ac038c2737e7a15f8,X,,7159,35796,,image2,,0.04,,25/1,,1024,,True,,,JPEG,yuvj420p,Progressive,,mjpeg,,576
x/media/2083262439747981483_0.mp4,2083262439747981483,3d151ba54093325bcca38f358afa9baabcf129dc6126df2e76f9f394c09987e8,X,aac,340,308086,isomiso4,"mov,mp4,m4a,3gp,3g2,mj2",2026-10-07T22:09:02.000000Z,7.24,,30/1,Twitter-vork muxer,1024,,,isom,,,yuv420p,High,44100,h264,[0][0][0][0],576
x/media/2083336195715543493_0.jpg,2083336195715543493,71780538a48b57e502f86260f475bfb62b162a83536b2ce251abce8074d30965,X,,6884,34423,,image2,,0.04,,25/1,,1200,,True,,,JPEG,yuvj420p,Progressive,,mjpeg,,675
x/media/2083336195715543493_0.mp4,2083336195715543493,217dabc1f38d95b93fa53afcc557f62854b506a673dded6c64a564a01d811eea,X,aac,870,4761389,isomiso4,"mov,mp4,m4a,3gp,3g2,mj2",2026-10-07T22:09:05.000000Z,43.77,,60/1,Twitter-vork muxer,1920,,,isom,,,yuv420p,High,44100,h264,[0][0][0][0],1080
x/media/2083400381220991025_0.jpg,2083400381220991025,482bc420dd59f4145f2a0e127850f83a58394d7ad141698b5c50459f466bed58,X,,44187,220935,,image2,,0.04,,25/1,,2048,0ff6958f9868,True,,,JPEG,yuvj420p,Progressive,,mjpeg,,1154
x/media/2083418847248257029_0.jpg,2083418847248257029,e66348bf1b01dff06993df1205dd3f83824c5fbfb0d0e13cdee77bba305cdf3c,X,,13594,67972,,image2,,0.04,,25/1,,921,0ff6958f9868,True,,,JPEG,yuvj420p,Progressive,,mjpeg,,1260
x/media/2084350733978120333_0.jpg,2084350733978120333,a022aac7409769b73df5e6eaabdb2ca5bd3589424db8ef36b6fab913337ccdb7,X,,45715,228578,,image2,,0.04,,25/1,,1065,0ff6958f9868,True,,,JPEG,yuvj420p,Progressive,,mjpeg,,1260
x/media/2084391477614952585_0.jpg,2084391477614952585,4f584f4efac3ab56f58719f374cb638407715b6645f09d4ca2d8fa7c24538de4,X,,66472,332360,,image2,,0.04,,25/1,,1725,0ff6958f9868,True,,,JPEG,yuvj420p,Progressive,,mjpeg,,1218
x/media/2084455214682137035_0.jpg,2084455214682137035,5dd3fbb0a52f59aec5bb0bef869131e949d86ddf44e0a528072f16a644a40668,X,,24418,122094,,image2,,0.04,,25/1,,864,0ff6958f9868,True,,,JPEG,yuvj420p,Progressive,,mjpeg,,1739
x/media/2084500770007728360_0.jpg,2084500770007728360,08e8e6c71caa69cfefbfe8664669f5155416d7ce1e38178e4af8fb338b71872d,X,,22335,111675,,image2,,0.04,,25/1,,1065,0ff6958f9868,True,,,JPEG,yuvj420p,Progressive,,mjpeg,,1260
x/media/2084505999876956355_0.jpg,2084505999876956355,33051b6ef858d7991fa4ded60c21c02fb6f201a0382351d453609ad737f8893b,X,,20260,101304,,image2,,0.04,,25/1,,512,,True,,,JPEG,yuvj420p,Progressive,,mjpeg,,820
x/media/2084511338882077145_0.jpg,2084511338882077145,8d2000d9f54673a272b1a0e62c52537ad07b0c6302798e42fed7b8dd3af96024,X,,17176,85882,,image2,,0.04,,25/1,,484,0ff6958f9868,True,,,JPEG,yuvj420p,Progressive,,mjpeg,,1074
x/media/2084511338882077145_1.jpg,2084511338882077145,eb093dfbd1c5e325264aeb7ba72497f6ae312d89222ea410e2245144a6f71cf2,X,,23373,116865,,image2,,0.04,,25/1,,731,0ff6958f9868,True,,,JPEG,yuvj420p,Progressive,,mjpeg,,975
x/media/2084516126403199292_0.jpg,2084516126403199292,a92429da365b4e9eeaca2d165d2e9249b4391837037e2a8fcca783270d4b4107,X,,12681,63405,,image2,,0.04,,25/1,,1200,,True,,,JPEG,yuvj420p,Progressive,,mjpeg,,675
x/media/2084516126403199292_0.mp4,2084516126403199292,4518d2789a66621a7f1278871b100c2bed7fade2b4112a831524ff91b4fc53d4,X,aac,550,1239696,isomiso4,"mov,mp4,m4a,3gp,3g2,mj2",2026-10-07T22:09:08.000000Z,18.02,,30/1,Twitter-vork muxer,1920,,,isom,,,yuv420p,High,44100,h264,[0][0][0][0],1080
x/media/2087185314833977397_0.jpg,2087185314833977397,4829b2148650959088d07636930e87f7c87a69dec0911d49884ebdaca141f8ea,X,,10921,54605,,image2,,0.04,,25/1,,446,0ff6958f9868,True,,,JPEG,yuvj420p,Progressive,,mjpeg,,1260
x/media/2087299108016886089_0.jpg,2087299108016886089,241bf1bf88e6a1ad3a24bf3421d15e7c71907294e6b5715200c0745f8f4d7143,X,,10001,50005,,image2,,0.04,,25/1,,1200,,True,,,JPEG,yuvj420p,Progressive,,mjpeg,,553
x/media/2087299108016886089_0.mp4,2087299108016886089,90eb121747c1a08cd468d228027bc3fea895dd6571d32a93c04955b1fbee75bd,X,aac,895,5863633,isomiso4,"mov,mp4,m4a,3gp,3g2,mj2",2026-10-07T22:09:11.000000Z,52.36,,60/1,Twitter-vork muxer,2736,,,isom,,,yuv420p,High,44100,h264,[0][0][0][0],1260
x/media/2087313231488360912_0.jpg,2087313231488360912,35544bbd840be7e33abc84463abf8c05e8d099aad9ca2baa5bc50addec0dc521,X,,39222,196114,,image2,,0.04,,25/1,,1903,0ff6958f9868,True,,,JPEG,yuvj420p,Progressive,,mjpeg,,1260
x/media/2087315334332125636_0.jpg,2087315334332125636,d23509f7724196c761781d2eaccf4496a67e80104900863424d05fde9c36cf0c,X,,31946,159734,,image2,,0.04,,25/1,,1659,0ff6958f9868,True,,,JPEG,yuvj420p,Progressive,,mjpeg,,1260
x/media/2087323575816421699_0.jpg,2087323575816421699,b6ba04d6560981610e737ebb2ecf6a80b04cdfd22454b6bae4d6b93b1dea131f,X,,34364,171821,,image2,,0.04,,25/1,,1964,0ff6958f9868,True,,,JPEG,yuvj420p,Progressive,,mjpeg,,1260
x/media/2087324891087286284_0.jpg,2087324891087286284,82d0e989704ed08bce6d19fc3efc5b150ff2b4d7b6f33448bcaa85b36f336b75,X,,44308,221543,,image2,,0.04,,25/1,,1443,0ff6958f9868,True,,,JPEG,yuvj420p,Progressive,,mjpeg,,1260
x/media/2087339449956868449_0.jpg,2087339449956868449,7fb3e2f8244c8862bcaf01b4114fc1df628b7cdd411a9dbae1fb9ea4d8499ded,X,,32854,164270,,image2,,0.04,,25/1,,1254,0ff6958f9868,True,,,JPEG,yuvj420p,Progressive,,mjpeg,,1260
x/media/2087632223440601351_0.jpg,2087632223440601351,d838d9fbd2652628176ec7e06a651226c789c475c7a575f1d49991233e9bdf80,X,,117669,588349,,image2,,0.04,,25/1,,2048,,True,,,JPEG,yuvj420p,Progressive,,mjpeg,,1746
x/media/2087695359564791838_0.jpg,2087695359564791838,9d90cdcb89d8cee3ebf14a66249056d6e055c555d9695aafebb61df00f2a9dc6,X,,20597,102985,,image2,,0.04,,25/1,,1122,,True,,,JPEG,yuvj444p,Progressive,,mjpeg,,1290
x/media/2087700239952056698_0.jpg,2087700239952056698,27f07c1864fcadc953592eeec979aeaa2efe5118bc435f2c1a5b6ea79414ddbf,X,,37179,185897,,image2,,0.04,,25/1,,1722,0ff6958f9868,True,,,JPEG,yuvj420p,Progressive,,mjpeg,,1260
x/media/2087712534996423035_0.jpg,2087712534996423035,da124094f9326268f8d395ad13494747e328f9fcf76f1b81d9a7ff734ef9c83f,X,,58770,293854,,image2,,0.04,,25/1,,2048,0ff6958f9868,True,,,JPEG,yuvj420p,Progressive,,mjpeg,,1213
x/media/2087712534996423035_1.jpg,2087712534996423035,04c4d9c9802e1df6466cda309a3cba768307a5e69165d1f288ac549d57b496b7,X,,26343,131717,,image2,,0.04,,25/1,,1548,0ff6958f9868,True,,,JPEG,yuvj420p,Progressive,,mjpeg,,1260
x/media/2087712534996423035_2.jpg,2087712534996423035,213a6c43f04d1aa9d4ba385af05a15950baf5c22b8d52987f46e90e71fdbd477,X,,41720,208603,,image2,,0.04,,25/1,,1790,0ff6958f9868,True,,,JPEG,yuvj420p,Progressive,,mjpeg,,1260
x/media/2087724215889731690_0.jpg,2087724215889731690,3835bd3cf230ee292570fc59f4b25d43ee9f5a953a79e8475a1dd7175839c3a7,X,,20453,102266,,image2,,0.04,,25/1,,1200,,True,,,JPEG,yuvj420p,Progressive,,mjpeg,,553
x/media/2087724215889731690_0.mp4,2087724215889731690,0f95533e42646b6eec1ccd22da663d67f3b65f5f7d36f83e0c8d7040f5b3241b,X,aac,2182,4117708,isomiso4,"mov,mp4,m4a,3gp,3g2,mj2",2026-10-07T22:09:14.000000Z,15.09,,60/1,Twitter-vork muxer,2736,,,isom,,,yuv420p,High,44100,h264,[0][0][0][0],1260
x/media/2087724215889731690_1.jpg,2087724215889731690,806ee3facd49e9a24c12cd452c1dbd71161a6e46e92a856a4e4adb9796a1c839,X,,10466,52334,,image2,,0.04,,25/1,,387,0ff6958f9868,True,,,JPEG,yuvj420p,Progressive,,mjpeg,,1260
x/media/2087725306823983444_0.jpg,2087725306823983444,a6cefce8364df686ada583622566cb98b5bd0e29b6d8951d58f110e6d0346f2f,X,,72047,360238,,image2,,0.04,,25/1,,2048,0ff6958f9868,True,,,JPEG,yuvj420p,Progressive,,mjpeg,,1221
x/media/2087726144200003793_0.jpg,2087726144200003793,59419efb454ac153aaae1fdec65f7fac626be816efdf5c9aa574a1fa51d30c74,X,,27084,135424,,image2,,0.04,,25/1,,712,0ff6958f9868,True,,,JPEG,yuvj420p,Progressive,,mjpeg,,1260
x/media/2087726815854940307_0.jpg,2087726815854940307,51d79929cf279d3dd2b7d657f4103cda337b886ed936b73f9fb8b1db1ecd48f4,X,,10911,54555,,image2,,0.04,,25/1,,509,0ff6958f9868,True,,,JPEG,yuvj420p,Progressive,,mjpeg,,1260
x/media/2087726815854940307_1.jpg,2087726815854940307,806ee3facd49e9a24c12cd452c1dbd71161a6e46e92a856a4e4adb9796a1c839,X,,10466,52334,,image2,,0.04,,25/1,,387,0ff6958f9868,True,,,JPEG,yuvj420p,Progressive,,mjpeg,,1260
x/media/2087734401102741732_0.jpg,2087734401102741732,e09bba5a7b5a4953c7775b25f6979bb2f7ff21840a21761e59454438ff197a88,X,,14551,72755,,image2,,0.04,,25/1,,1200,,True,,,JPEG,yuvj420p,Progressive,,mjpeg,,553
x/media/2087734401102741732_0.mp4,2087734401102741732,e74e778afe232e63758689176bd7e8e573eeb91e17293319ac2a8e36d07343b9,X,aac,1806,24337174,isomiso4,"mov,mp4,m4a,3gp,3g2,mj2",2026-10-07T22:09:17.000000Z,107.76,,60/1,Twitter-vork muxer,1920,,,isom,,,yuv420p,High,44100,h264,[0][0][0][0],884
x/media/2087736422723719479_0.jpg,2087736422723719479,199744beacbd1dd0296cf8f7264b02820fac18c7ca3ddc4632c99c9232bc8613,X,,31543,157717,,image2,,0.04,,25/1,,1022,0ff6958f9868,True,,,JPEG,yuvj420p,Progressive,,mjpeg,,1017
x/media/2087738929860505913_0.jpg,2087738929860505913,aa7a507d813ea19d4021548905c4993998d346ffbf49df57725d5d9385963221,X,,14093,70465,,image2,,0.04,,25/1,,708,0ff6958f9868,True,,,JPEG,yuvj420p,Progressive,,mjpeg,,1260
x/media/2087741259754450948_0.jpg,2087741259754450948,e855f25d7899787ae03050f2c1d1bd3c30d386c86cd2ae9196f81325b406e4eb,X,,6996,34983,,image2,,0.04,,25/1,,480,,True,,,JPEG,yuvj420p,Progressive,,mjpeg,,480
x/media/2087741259754450948_0.mp4,2087741259754450948,322051a8ebceb8761f6ecaf62a21cc45d24a75931bc176131179a978033ca4db,X,,149,47857,iso6mp41,"mov,mp4,m4a,3gp,3g2,mj2",,2.56,,25/1,Twitter-vork muxer,480,,,iso5,,,yuv420p,Main,,h264,[0][0][0][0],480
x/media/2089043016149327901_0.jpg,2089043016149327901,386d093a167ef909f67e5e4ae5c92cc19367ad40913a57c7f6937c48f78d4bdb,X,,38065,190329,,image2,,0.04,,25/1,,816,0ff6958f9868,True,,,JPEG,yuvj420p,Progressive,,mjpeg,,1260
x/media/2089043016149327901_1.jpg,2089043016149327901,ab4d53e3913aae1022efde7630b0c912e7e5af5559f0fa20710c74ae0642d695,X,,13829,69149,,image2,,0.04,,25/1,,304,0ff6958f9868,True,,,JPEG,yuvj420p,Progressive,,mjpeg,,1260
x/media/2089202742937989230_0.jpg,2089202742937989230,b0d304b875b87747db594fc3016706c57c2f8c1f6b05dd4bbb02c912e45ee7b8,X,,839,4198,,image2,,0.04,,25/1,,480,,True,,,JPEG,yuvj420p,Progressive,,mjpeg,,480
x/media/2089202742937989230_0.mp4,2089202742937989230,d762fd9a78d1c1445426d4ac148c85c86ab2bac1e43aa84ae2c97c4335cb841f,X,,105,13006,iso6mp41,"mov,mp4,m4a,3gp,3g2,mj2",,0.99,,181/12,Twitter-vork muxer,480,,,iso5,,,yuv420p,Main,,h264,[0][0][0][0],480
x/media/2090581886380949752_0.jpg,2090581886380949752,2b3bd1cbe4a4e2764efc3f89cc5061ce8cdb13a47b6225c4d15b2876149ef5dc,X,,8490,42452,,image2,,0.04,,25/1,,640,,True,,,JPEG,yuvj420p,Progressive,,mjpeg,,360
x/media/2090581886380949752_0.mp4,2090581886380949752,94327e0c76d7fe1b12359b870153fd4561e65465213a93196a7cd4e425a91437,X,aac,282,1849429,isomiso4,"mov,mp4,m4a,3gp,3g2,mj2",2026-10-07T22:09:26.000000Z,52.29,,30/1,Twitter-vork muxer,640,,,isom,,,yuv420p,Main,44100,h264,[0][0][0][0],360
x/media/2090620008321691811_0.jpg,2090620008321691811,aa18f7dc5170c931eec6b541fb2328f69205936a854edd08b103c6fd5330b11b,X,,47371,236855,,image2,,0.04,,25/1,,1380,0ff6958f9868,True,,,JPEG,yuvj420p,Progressive,,mjpeg,,1260
x/media/2090629120438776305_0.jpg,2090629120438776305,3ab0f45f169345dc246d99251a58f0f1cafac201f25d25d7803e85ba83738d29,X,,10497,52485,,image2,,0.04,,25/1,,553,,True,,,JPEG,yuvj420p,Progressive,,mjpeg,,1200
x/media/2090629120438776305_0.mp4,2090629120438776305,e10eb2d534053872ad26b81976eb630c4dcb0c88e076395fd83a43ea9347297b,X,aac,3417,7081603,isomiso4,"mov,mp4,m4a,3gp,3g2,mj2",2026-10-07T22:09:29.000000Z,16.58,,60/1,Twitter-vork muxer,1260,,,isom,,,yuv420p,High,44100,h264,[0][0][0][0],2736
x/media/2090673821090988414_0.jpg,2090673821090988414,94cadaecf2aea56a078cc97299dfe2d2610ed4b71ecdfa2152c2618add92c006,X,,5044,25222,,image2,,0.04,,25/1,,206,,True,,,JPEG,yuvj420p,Progressive,,mjpeg,,480
x/media/2090673821090988414_0.mp4,2090673821090988414,f3e7369e485bfe94ba712f7deb7f810c776526f50082c6a1b45ce3a50c1c8566,X,,191,78809,iso6mp41,"mov,mp4,m4a,3gp,3g2,mj2",,3.3,,10/1,Twitter-vork muxer,206,,,iso5,,,yuv420p,Main,,h264,[0][0][0][0],480
x/media/2091953048096526374_0.jpg,2091953048096526374,53c4b7e3db66fcc4fb9e66a07725c629ac9d62855ab2f179d4daee88954eebca,X,,30984,154923,,image2,,0.04,,25/1,,1226,0ff6958f9868,True,,,JPEG,yuvj420p,Progressive,,mjpeg,,1260
x/media/2091964472352989426_0.png,2091964472352989426,2de020890f26b74212292142e23d64eb3e55f80c0b465a2d6fe06d6c550bd5e4,X,,0,7581,,png_pipe,,0.0,,25/1,,208,,False,,,PNG,pal8,,,png,,925
x/media/2091965336518107646_0.jpg,2091965336518107646,47e358b9f28c21795966b42aefd73a17683942040d5a877cb52cb7db8d754b56,X,,63476,317383,,image2,,0.04,,25/1,,903,,True,,,JPEG,yuvj420p,Progressive,,mjpeg,,1896
x/media/2091966897591861716_0.png,2091966897591861716,89419fca84c54c958d99061b6d319217c2bb80f693a25a5e1aaa42377e0c1775,X,,0,68406,,png_pipe,,0.0,,25/1,,333,,False,,,PNG,rgba,,,png,,1877
x/media/2091967628709372224_0.png,2091967628709372224,fd8de6d7bc15587f63fab4f4bbbe99bd133904f0b667f101658ab2bbe95f18d5,X,,0,82665,,png_pipe,,0.0,,25/1,,663,,False,,,PNG,rgba,,,png,,1887
x/media/2092004500026368380_0.png,2092004500026368380,e967b23a7fdd78ddc6cd0221757e7b467904609dcfdc9e4e0713cde6555cfb7c,X,,0,177308,,png_pipe,,0.0,,25/1,,321,,False,,,PNG,rgba,,,png,,419
x/media/2092009887404314748_0.jpg,2092009887404314748,82cf3cc2ac21bd9e89f778c37dcad8c738e20ead56069cd6dc2f7531b3e83b71,X,,49166,245831,,image2,,0.04,,25/1,,2048,0ff6958f9868,True,,,JPEG,yuvj420p,Progressive,,mjpeg,,1244
x/media/2092033973719326960_0.jpg,2092033973719326960,7f926b9c7f74072573f3f2fc51c84e3f313dfd35d5939e5ec8da823e68c8adb7,X,,10002,50010,,image2,,0.04,,25/1,,346,0ff6958f9868,True,,,JPEG,yuvj420p,Progressive,,mjpeg,,1260
x/media/2092034138534555746_0.jpg,2092034138534555746,64401b45c29cda7b63bae3e3dcceb302a966ddd9fd0057f4f82505aafa263e19,X,,31124,155620,,image2,,0.04,,25/1,,1107,0ff6958f9868,True,,,JPEG,yuvj420p,Progressive,,mjpeg,,1260
x/media/2092037115970273636_0.jpg,2092037115970273636,b1c301fcf61c6bddd1209c60f6539c77ea910b09c5a7563b37d1d86f446eaabd,X,,9155,45778,,image2,,0.04,,25/1,,252,0ff6958f9868,True,,,JPEG,yuvj420p,Progressive,,mjpeg,,1260
x/media/2092038589962219712_0.jpg,2092038589962219712,3f093ff3f5c3fd99782adc43a36422b0c2fc8961afed1ea87376d7505ee7f78e,X,,37297,186488,,image2,,0.04,,25/1,,1194,0ff6958f9868,True,,,JPEG,yuvj420p,Progressive,,mjpeg,,1260
x/media/2092039228288889147_0.jpg,2092039228288889147,67b95e49b1b508ca9ddf3224a73996d153b0076a23d102b8f7d9394d88c66ac2,X,,5096,25480,,image2,,0.04,,25/1,,180,0ff6958f9868,True,,,JPEG,yuvj420p,Progressive,,mjpeg,,1162
x/media/2092040872342770077_0.jpg,2092040872342770077,9f25f1722a3514f5334730bf5cffc51c66c1e179ae49d4e1f14a154a697c68f6,X,,13837,69186,,image2,,0.04,,25/1,,603,0ff6958f9868,True,,,JPEG,yuvj420p,Progressive,,mjpeg,,1260
x/media/2092055879013072972_0.jpg,2092055879013072972,49f5eccc825a5a6a4cd5016796ac8cfdbd56f05d9834584213f9701389f0f360,X,,8625,43129,,image2,,0.04,,25/1,,553,,True,,,JPEG,yuvj420p,Progressive,,mjpeg,,1200
x/media/2092055879013072972_0.mp4,2092055879013072972,7191ea5094128c1d0b31c3d055d32396c5486e8f630aca62adff30d4eea2a824,X,aac,1430,24482547,isomiso4,"mov,mp4,m4a,3gp,3g2,mj2",2026-10-07T22:09:34.000000Z,136.9,,60000/1001,Twitter-vork muxer,884,,,isom,,,yuv420p,High,44100,h264,[0][0][0][0],1920
x/media/2092058774231982402_0.jpg,2092058774231982402,eeeed136af127e5f84349a48e95f24f4907da63f9f2f04391eb726bbcb78f31e,X,,14171,70855,,image2,,0.04,,25/1,,612,0ff6958f9868,True,,,JPEG,yuvj420p,Progressive,,mjpeg,,1077
x/media/2092063950120567214_0.jpg,2092063950120567214,0a466b1ee76e817941b85ad6d9f22651915ddeacbfe914b79de05f6870366629,X,,36149,180747,,image2,,0.04,,25/1,,990,0ff6958f9868,True,,,JPEG,yuvj420p,Progressive,,mjpeg,,1260
x/media/2092070035162366117_0.jpg,2092070035162366117,a9973792c070e64cfcb788473ccc4f3677a04157b0507fa70467f215f5f3af2a,X,,24286,121430,,image2,,0.04,,25/1,,740,0ff6958f9868,True,,,JPEG,yuvj420p,Progressive,,mjpeg,,1260
x/media/2092085370343108922_0.jpg,2092085370343108922,be97e45f2662b98f73138bc1e5c2d0a4cd65d4a16020e184dd10503a9cd6aed9,X,,10070,50350,,image2,,0.04,,25/1,,553,,True,,,JPEG,yuvj420p,Progressive,,mjpeg,,1200
x/media/2092085370343108922_0.mp4,2092085370343108922,971985ba2f24cea2c7aa990c16751b2add9836166994e71d1d35c6dfa5ab1fdb,X,aac,1147,32907889,isomiso4,"mov,mp4,m4a,3gp,3g2,mj2",2026-10-07T22:09:39.000000Z,229.51,,60000/1001,Twitter-vork muxer,884,,,isom,,,yuv420p,High,44100,h264,[0][0][0][0],1920
x/media/2092089982689198431_0.png,2092089982689198431,c709a3e99155b760b63e3df71e135b8d7c312370a4ea56e6493357938da102dc,X,,0,331364,,png_pipe,,0.0,,25/1,,668,,False,,,PNG,pal8,,,png,,814
x/media/2092097397258178960_0.jpg,2092097397258178960,53bbad46f1731666583279ce59bdfb76049f5ba436d5142fe72254b079f0116f,X,,14391,71957,,image2,,0.04,,25/1,,553,,True,,,JPEG,yuvj420p,Progressive,,mjpeg,,1200
x/media/2092097397258178960_0.mp4,2092097397258178960,e7309ec5f922b3cb7413da9502423f97844e2eedd1baf41cb915b095568e520f,X,aac,1637,2299919,isomiso4,"mov,mp4,m4a,3gp,3g2,mj2",2026-10-07T22:09:45.000000Z,11.24,,60/1,Twitter-vork muxer,1260,,,isom,,,yuv420p,High,44100,h264,[0][0][0][0],2736
x/media/2092097397258178960_1.jpg,2092097397258178960,81995939185eab37471abe81c480df231a5fe7e58a57743aec24557d001d0c85,X,,8499,42497,,image2,,0.04,,25/1,,528,,True,,,JPEG,yuvj444p,Progressive,,mjpeg,,628
x/media/2092097397258178960_2.jpg,2092097397258178960,2e5ece4f78a83700758297d324d0aa2f0bcdbe252f74a57fe7f6a06694b7a57a,X,,46265,231327,,image2,,0.04,,25/1,,1968,,True,,,JPEG,yuvj444p,Progressive,,mjpeg,,1166
x/media/2092097397258178960_3.jpg,2092097397258178960,140d3ac2b5e17e4ef254eeeecca054ab9da5c85fd48b1314f8a1640fc874fd99,X,,10926,54633,,image2,,0.04,,25/1,,805,0ff6958f9868,True,,,JPEG,yuvj420p,Progressive,,mjpeg,,995
ig/media/Da0njOCp7Xb/instagram__Da0njOCp7Xb.jpg,Da0njOCp7Xb,31cba40144fe0aeae60bc06465bc4a9b4e7dd50825e5a80337949ee6192d69dc,IG,,13350,66754,,image2,,0.04,,25/1,,310,,True,,,JPEG,yuvj420p,Progressive,,mjpeg,,591
ig/media/Db6ohLRp-rK/instagram__Db6ohLRp-rK.mp4,Db6ohLRp-rK,84eca0d791840e620ce6f856bbd5a307be84f714533ef18b5162eb2f5344f4a1,IG,aac,183,1204712,isomiso2avc1mp41,"mov,mp4,m4a,3gp,3g2,mj2",,52.4,AVC Coding,30/1,VideoHandler,1280,,,isom,,,yuv420p,High,44100,h264,[0][0][0][0],720
ig/media/Db9nwIFM1L7/instagram__Db9nwIFM1L7.mp4,Db9nwIFM1L7,873bbb86fc73aba15f98503ea816e30177862104da4c42ca0f527c9e289239be,IG,aac,297,2249595,isomiso2avc1mp41,"mov,mp4,m4a,3gp,3g2,mj2",,60.39,AVC Coding,30/1,VideoHandler,1280,,,isom,,,yuv420p,High,44100,h264,[0][0][0][0],720
ig/media/Db9uvtKNmYf/instagram__Db9uvtKNmYf.mp4,Db9uvtKNmYf,f27b0b9047b52a10074a642fb847e311ec46b95172440e36f26bfa7c75ad2dcd,IG,aac,568,7667613,isomiso2avc1mp41,"mov,mp4,m4a,3gp,3g2,mj2",,107.83,AVC Coding,30/1,VideoHandler,1280,,,isom,,,yuv420p,High,44100,h264,[0][0][0][0],720
ig/media/Dbed4OEN_9d/instagram__Dbed4OEN_9d.mp4,Dbed4OEN_9d,3548830115bfc2e77dfbd33fb7799a1b1952cfea45fb15e8621a3fd2c4e684da,IG,aac,266,1458380,isomiso2avc1mp41,"mov,mp4,m4a,3gp,3g2,mj2",,43.81,AVC Coding,30/1,VideoHandler,1280,,,isom,,,yuv420p,High,44100,h264,[0][0][0][0],720
ig/media/Dbm17ScJJmq/instagram__Dbm17ScJJmq.mp4,Dbm17ScJJmq,a139d831523358bea65e3f4e33c49849095dbc5ec43a5b982986415985237f01,IG,aac,188,425274,isomiso2avc1mp41,"mov,mp4,m4a,3gp,3g2,mj2",,18.09,AVC Coding,30/1,VideoHandler,1280,,,isom,,,yuv420p,High,44100,h264,[0][0][0][0],720
ig/media/DcH0fVYBHbq/instagram__DcH0fVYBHbq.mp4,DcH0fVYBHbq,61b800d1b900372e11745eef29f4667085543ffbd7d4bf5b8d9fd58d2aaace5e,IG,,494,247475,iso8isommp41dashvp09cmfc,"mov,mp4,m4a,3gp,3g2,mj2",2026-08-17T01:12:52.000000Z,4.0,VPC Coding,30/1,VideoHandler,1920,,,mp41,,,yuv420p,Profile 0,,vp9,[0][0][0][0],1080
ig/media/DcR9bobtKcF/instagram__DcR9bobtKcF.jpg,DcR9bobtKcF,614c537fd0d05426dce327481f56bb7496a02dadcf80a6ce2b2975f74eb2af07,IG,,24190,120954,,image2,,0.04,,25/1,,608,,True,,,JPEG,yuvj420p,Progressive,,mjpeg,,1080
ig/media/DccZ0o1NmEo/instagram__DccZ0o1NmEo.mp4,DccZ0o1NmEo,6cca36a7521d83d350d3a8f071f03d3c138dcee69ff04d9b738c3903cfc61a92,IG,aac,197,3385015,isomiso2mp41,"mov,mp4,m4a,3gp,3g2,mj2",,136.87,Lavf63.1.101,30/1,VideoHandler,442,,,isom,,,yuv420p,Profile 0,44100,vp9,[0][0][0][0],960
ig/media/DcckYqIBFZ2/instagram__DcckYqIBFZ2.mp4,DcckYqIBFZ2,19cc15bd1f3dfa00faeb0b1d23169769a77d03f99cdc04fcb2aab7e9cdb4de4f,IG,aac,141,4064611,isomiso2avc1mp41,"mov,mp4,m4a,3gp,3g2,mj2",,229.47,Lavf63.1.101,30/1,VideoHandler,294,,,isom,,,yuv420p,Main,44100,h264,[0][0][0][0],640
