code	taken_at_utc	day_pdt	started_by	collaborators	media_type	url	caption
C7r6cKDPncH	2024-06-01T20:15:43+00:00	2024-06-01	ldsabuseonx		1	https://www.instagram.com/p/C7r6cKDPncH/	"@russellmnelson is trying to create the viral hashtag of #99plus1.  This is Justin Hooiman. His dad was a diagnosed pedophile, but his Mom didn't know that, because @russellmnelson's daughter was allegedly involved in a child sex abuse ring in Bountiful, Utah, and Nelson couldn't let that be known, so Bill Carstensen wasn't punished by the Church.  Read Mother 2's Declaration at https://ldsabuse.info/resources for more details.  Justin has been missing since 2017. He's a literal ""lost sheep"". Will @russellmnelson help find him?   I wouldn't hold my breath if I were you."
C7s-56Hsy-P	2024-06-02T06:13:59+00:00	2024-06-01	ldsabuseonx		1	https://www.instagram.com/p/C7s-56Hsy-P/	#99plus1  https://x.com/ldsabuse/status/1797121708735782925
DWXvkHxDSkc	2026-03-27T02:25:34+00:00	2026-03-26	ldsabuseonx		2	https://www.instagram.com/p/DWXvkHxDSkc/	
DavzTIRpSNj	2026-07-13T20:50:30+00:00	2026-07-13	theemmapreneurofficial	ldsabuseonx;yourimaginationisreal	2	https://www.instagram.com/p/DavzTIRpSNj/	⛔️ “Secret societies & fraternity networks control Utah’s power structure…” - LDS Abuse Whistleblower and Survivor, Justin Riggs” ⛔️  FULL EPISODE OUT NOW: LINK IN BIO!  🎙️S6E80 | Justin Riggs - Mormon Secrets: Gordon Bowen, Secret Societies & the Voice of God 🔗YOUTUBE: youtu.be/iWRt0uUOGhM
Dayua_npxbB	2026-07-15T00:16:44+00:00	2026-07-14	theemmapreneurofficial	ldsabuseonx;yourimaginationisreal	2	https://www.instagram.com/p/Dayua_npxbB/	⛔️ “Prophet of the LDS Church, Russel M. Melson, discovered in photo of Sigma Chi’s ‘Beverly Felt Tradition’…” - LDS Abuse Whistleblower and Survivor, Justin Riggs” ⛔️  FULL EPISODE OUT NOW: LINK IN BIO!  🎙️S6E80 | Justin Riggs - Mormon Secrets: Gordon Bowen, Secret Societies & the Voice of God 🔗YOUTUBE: youtu.be/iWRt0uUOGhM
Da0njOCp7Xb	2026-07-15T17:38:10+00:00	2026-07-15	ldsabuseonx		1	https://www.instagram.com/p/Da0njOCp7Xb/	Here’s the problem for LDS church leaders who join quasi-religious secret societies that have their own prayers, sacraments, sacred clothing, rituals, and saints:  Once the secret’s aren’t secret anymore, nobody’s gonna wanna follow you unless you can provide conclusive evidence y’all repented at some point.  Isn’t it weird that NOT ONE LDS SECRET SOCIETY LEADER has ever born testimony regarding how Jesus Christ delivered them from the error of their wicked ways and course corrected their life through sincere repentance?   I think that’s weird.
Da6Hx9bJyZV	2026-07-17T20:57:38+00:00	2026-07-17	theemmapreneurofficial	ldsabuseonx;yourimaginationisreal	2	https://www.instagram.com/p/Da6Hx9bJyZV/	⛔️ “Gordon Bowen and the LDS Church caught in a lie…” - LDS Abuse Whistleblower and Survivor, Justin Riggs / @ldsabuseonx” ⛔️  FULL EPISODE OUT NOW: LINK IN BIO!  🎙️S6E80 | Justin Riggs - Mormon Secrets: Gordon Bowen, Secret Societies & the Voice of God 🔗YOUTUBE: youtu.be/iWRt0uUOGhM
DbHaOdJpgcA	2026-07-23T00:51:53+00:00	2026-07-22	theemmapreneurofficial	ldsabuseonx;yourimaginationisreal	2	https://www.instagram.com/p/DbHaOdJpgcA/	⛔️”Is the University of Utah’s ‘Skull & Bones’ a secret society?” - LDS Abuse Whistleblower and Survivor, Justin Riggs (@ldsabuse) ⛔️  FULL EPISODE OUT NOW:  🎙️S6E80 | Justin Riggs - Mormon Secrets: Gordon Bowen, Secret Societies & the Voice of God 🔗YOUTUBE: youtu.be/iWRt0uUOGhM
DbV5DBqRogB	2026-07-28T15:49:51+00:00	2026-07-28	theemmapreneurofficial	latterdaychad;ldsabuseonx;yourimaginationisreal	2	https://www.instagram.com/p/DbV5DBqRogB/	⛔️”The University of Utah’s Sigma Chi secret society has a ‘ritual’ called the Black Supper which I believe is a mockery of the Lords Supper…” - LDS Abuse Whistleblower and Survivor, Justin Riggs (@ldsabuse) ⛔️  FULL EPISODE OUT NOW:   🎙️S6E80 | Justin Riggs - Mormon Secrets: Gordon Bowen, Secret Societies & the Voice of God 🔗YOUTUBE: youtu.be/iWRt0uUOGhM
DbZqNwwBQ9s	2026-07-30T02:57:55+00:00	2026-07-29	latterdaychad	ldsabuseonx;theemmapreneurofficial	2	https://www.instagram.com/p/DbZqNwwBQ9s/	I’ve decided I’m gonna stop holding back since people are willing to make excuses for this awful stuff I’m gonna be dropping bombs. Trust me this isn’t the worst of Gordon Bowens stories, he has a homo erotic fantasy about mounting Jesus Christ read in the same Lynn Packer presentation.  And a story that involves children touching him in his “hidden places” while he Oohs and Ahhs.  Not to mention the substantial evidence of sexual abuse of his children and ritual abuse of the hamblin girls. I’m disappointed to see how people will make any excuses possible to defend anything having to do with the church. So I’m not gonna be holding back anymore. I love the Book of Mormon but more and more I’m becoming disillusioned with the people. Gordon Bowen should be in prison for life, a lack of conviction doesn’t mean innocence it means the justice system is broken.  #churchofjesuschristoflaterdaysaints #bookofmormon #comefollowme #josephsmith #lds
DbbI8RguVi7	2026-07-30T16:45:49+00:00	2026-07-30	latterdaychad	ldsabuseonx;theemmapreneurofficial	2	https://www.instagram.com/p/DbbI8RguVi7/	Is it a coincidence that a man with massive amounts of allegations of sexual misconduct against children, allegations his own journals seem to speak of when the voice in his head tells him that his step son, who accused him to sexu@l abuse has a “sexual desire towards him” and needs “hard masculine love” it writing sexual fantasies involving a naked Jesus mounting him and little children touching him in his “hidden places”  Not to mention the allegations of ritual abuse by the hamblin girls, David Hamblin is on tape admitting to sexually abusing his daughters and being part of a cult, presumably the same cult his daughters allege he and Bowen are a part of. Gordon in his own journal entities speaks about ritualistic abuse the same thing he’s accused of and even claims to have learned the signs and tokens of “secret combinations” which is Mormon Lingo for satanic cults that infiltrate us. Why any Mormons would make excuses for Bowen and his connections to the church is beyond me, our own scriptures warn about these things. But it seems nearly impossible to wake up the all is well in Zion crowd who think that sleeveless garments  and conference talks counts as “new revelation”. If only they’d actually read the Book of Mormon and its warnings.   #bookofmormon #lds #churchofjesuschristoflatterdaysaints #mormon #comefollowme
Dbed4OEN_9d	2026-07-31T23:42:30+00:00	2026-07-31	ldsabuseonx		2	https://www.instagram.com/p/Dbed4OEN_9d/	Read part of the letter showing how M. Russell Ballard told a concerned church member how sexual predator Gordon Bowen has fooled all the Brethren… but especially President Faust.  #lds  #mormon
Dbm17ScJJmq	2026-08-04T05:44:55+00:00	2026-08-03	ldsabuseonx		2	https://www.instagram.com/p/Dbm17ScJJmq/	
Db3796ep_pL	2026-08-10T21:11:43+00:00	2026-08-10	theemmapreneurofficial	latterdaychad;ldsabuseonx;yourimaginationisreal	2	https://www.instagram.com/p/Db3796ep_pL/	🎙️“The question that arises from this is: Was the Church of Jesus Christ of Latter Day Saints tightly intertwined with the federal intelligence landscape and CIA? And I think pretty much anybody who’s watching this is going to know that the answer to this, is yes…” - Justin Riggs / @ldsabuseonx   ⛔️FULL EPISODE OUT NOW! LINK IN BIO!  🔗YOUTUBE youtu.be/FfKGMfjp0F4
Db4rorBhhjw	2026-08-11T04:06:57+00:00	2026-08-10	latterdaychad	ldsabuseonx	2	https://www.instagram.com/p/Db4rorBhhjw/	It doesn’t matter if you agree with me or not. I am a member of the LDS church and believe in the Book of Mormon, just because I don’t think all is well in Zion and believe we need certain changes doesn’t change that fact. Lying to a podcaster to claim I’m not a member of the church after admitting not only would I probably win that debate, but that l’d win debating most LDS apologists isn’t a good look when you’re trying to be taken seriously by Christians as a debater to convince them Mormons are Christians too @thoughtful.faith. And hey Cardon@wardradioworldwide @cardonellis maybe before you go threatening other podcasters you should stop running away from @Idsabuseonx for the podcast you lied about doing with him on Gordon Bowen, then freaked out and said elder Ballard must have had dementia and been manipulated by Gordon. Nobody wants you on a debate platform, especially when your debater lies about cases where doctors find physical scarring of sexual abuse on victims as having no evidence, and routinely runs from debates. I’d smoke Jonah Barnes too. I don’t even think about you guys really, I like some of the stuff you do, but when I spent my time and money going out there when nobody else would on short notice. You don’t get to pretend to be good faith actors trying to sabotage me. Me taking issues with serious issues in the church and not being a coward doesn’t make me less of a Mormon, it makes me more of one. And if you don’t like my ideas debate me prove me wrong. #churchofjesuschristoflatterdaysaints #mormon #bookofmormon #comefollowme #exmormon
Db6ohLRp-rK	2026-08-11T22:13:12+00:00	2026-08-11	ldsabuseonx		2	https://www.instagram.com/p/Db6ohLRp-rK/	
Db8iLbdhZAE	2026-08-12T15:55:06+00:00	2026-08-12	latterdaychad	ldsabuseonx	2	https://www.instagram.com/p/Db8iLbdhZAE/	@thoughtful.faith l’m someone who prefers to be as respectful as possible towards people even in disagreement because I never know what someone may be going through in their personal life. But don’t claim that A you don’t know who I am when you mentioned me by name saying most Ids wouldn’t be able to handle me and that l’d probably win my debate, and B try to get my debate shut down because aparently I’m not a member of the Church. If I’m not a member that’s news to me and they need to update my LDS tools app. And with all due respect to @thedignitary who I have nothing but respect for. And @Idsabuseonx I have more followers than them, and you debated both of them. You debated Justin when he had much less of a following than he has now, but claim you only debate people having an impact despite the fact that my video aparently got Gordon Bowen quietly removed from the temple open house after hundreds of people went to their bishops about him and wrote letters as l asked. I name debate topics. If you disagree with me to such a degree you feel the need to get me removed from podcasts you should be Man enough to debate me and stand in your principals. If you’re right and l’m wrong l’m an apostate prove it. One on one instead of trying to distract from it by focusing on @shanebaldwin_ after I post about this. Sit down with me and debate whatever you disagree on.
Db9A69KJ1Sk	2026-08-12T20:28:29+00:00	2026-08-12	theemmapreneurofficial	latterdaychad;ldsabuseonx;yourimaginationisreal	2	https://www.instagram.com/p/Db9A69KJ1Sk/	🎙️“Hazing done in fraternities and sororities is a form of ritual abuse.” - Justin Riggs / @ldsabuseonx   ⛔️FULL EPISODE OUT NOW! LINK IN BIO!  🔗YOUTUBE youtu.be/FfKGMfjp0F4
Db9nwIFM1L7	2026-08-13T02:04:59+00:00	2026-08-12	ldsabuseonx		2	https://www.instagram.com/p/Db9nwIFM1L7/	Jonah Barnes is a liar.  Ward Radio keeps inviting me on their show then backing out.  Jacob Hansen is deleting DMs and feverishly posting two year old content.  This is what desperation looks like. Shame made manifest.
Db9uvtKNmYf	2026-08-13T03:06:53+00:00	2026-08-12	ldsabuseonx		2	https://www.instagram.com/p/Db9uvtKNmYf/	We are making a difference. I will see this through… I promise. Thank you for your kindness and prayers.
DcH0fVYBHbq	2026-08-17T01:07:32+00:00	2026-08-16	ldsabuseonx		2	https://www.instagram.com/p/DcH0fVYBHbq/	Mmm, like this one?
DcKfdKuuaZV	2026-08-18T02:09:34+00:00	2026-08-17	latterdaychad	ldsabuseonx	2	https://www.instagram.com/p/DcKfdKuuaZV/	@ldsabuseonx has gone in depth about the infiltration of groups that seem to make covenants that go against those of the LDS church into the church. One of these being skull and bones which allegedly has these types of rituals done. I personally haven’t looked into it much but you should be able to get the joke  #mormonmemes #bookofmormon #churchofjesuschristoflatterdaysaints #mormon #ldsmemes
DcMe0WKJDqA	2026-08-18T20:35:09+00:00	2026-08-18	theemmapreneurofficial	latterdaychad;ldsabuseonx;yourimaginationisreal	2	https://www.instagram.com/p/DcMe0WKJDqA/	🎙️“Sigma Chi Initiation involves ‘picking up a stuffed olive off the floor using nothing but the cheeks of your behind’…” - Justin Riggs / @ldsabuseonx   ⛔️FULL EPISODE OUT NOW! LINK IN BIO!  🔗YOUTUBE youtu.be/FfKGMfjp0F4
DcPfZZxJnmd	2026-08-20T00:42:06+00:00	2026-08-19	theemmapreneurofficial	latterdaychad;ldsabuseonx;yourimaginationisreal	2	https://www.instagram.com/p/DcPfZZxJnmd/	🚨 SNEEK PEAK! EXPLOSIVE new podcast episode with Justin Riggs / @ldsabuseonx premiering Thursday 8.20:   The Slaughterhouse of Israel: Justin rips the lid off how the LDS Church’s powerhouse law firm Kirton McConkie turns broken abuse victims into adversaries - hiding corroborating evidence, segregating survivors, and playing “litigation economics” while lives hang in the balance.  Depositions.  Suicide attempts.  The system exposed.  You need to hear this. 🔥​​​​​​​​​​​​​​​​​​​​​​​​​​​​​​​​​​​​​​​​​​​​​​​​​​  🗣️Join us in the live chat tomorrow 8.20 at 6pm CST:   🎙️S6E89 | “Justin Riggs - How Litigation Economics Turns Children of God into Adversaries of the Church” 🔗YOUTUBE: https://youtu.be/A-t_JEQs7Q8
DcR9bobtKcF	2026-08-20T23:37:46+00:00	2026-08-20	ldsabuseonx		1	https://www.instagram.com/p/DcR9bobtKcF/	https://youtu.be/A-t_JEQs7Q8?is=9UDnRjyfxgjUxSZ-
DccZ0o1NmEo	2026-08-25T00:59:39+00:00	2026-08-24	ldsabuseonx		2	https://www.instagram.com/p/DccZ0o1NmEo/	Watch the whole interview here…  https://youtu.be/A-t_JEQs7Q8?is=m5BK_odnEk_a-nQL
DcckYqIBFZ2	2026-08-25T02:33:21+00:00	2026-08-24	ldsabuseonx		2	https://www.instagram.com/p/DcckYqIBFZ2/	When Mormon Kirton McConkie lawyers lie and conceal evidence, people can die. We almost lost two in this case.  Go here for the full interview: https://youtu.be/A-t_JEQs7Q8?is=qP8T1zvBAQ2M1nu9
Dceuu45pyJ1	2026-08-25T22:40:36+00:00	2026-08-25	theemmapreneurofficial	latterdaychad;ldsabuseonx;yourimaginationisreal	2	https://www.instagram.com/p/Dceuu45pyJ1/	⛔️”But what Kirton McConkie (kirtonmcconkie) is arguing is that their sacred privilege of attorney-client privilege trumps your sacred privilege of when you go and talk to your ecclesiastical leader…” - LDS Abuse Survivor & Whistlebower, Justin Riggs / @ldsabuseonx ⛔️  🎧FULL EPISODE OUT NOW - LINK IN BIO!  🎙️S6E89 | Justin Riggs - How Litigation Economics Turns Children of God into Adversaries of the Church 🔗YOUTUBE: https://youtu.be/A-t_JEQs7Q8
Dc7qNynJYNO	2026-09-06T04:19:15+00:00	2026-09-05	latterdaychad	ldsabuseonx;theemmapreneurofficial	2	https://www.instagram.com/p/Dc7qNynJYNO/	🚨 TOMORROW AT 12:50 PM MT — I’M GOING LIVE WITH SHAUN ATTWOOD. 🚨 We’re diving into the Gordon Bowen controversy, allegations surrounding human trafficking and organized abuse in Utah, and the reported Homeland Security whistleblower information surrounding a federal investigation that was allegedly shut down. We’ll also get into Bowen’s reported connections with prominent LDS figures, the allegations involving David Hamblin and others, questions surrounding institutional responses, and why this story has created so much controversy. We’ll examine the claims, available documentation, recorded statements, and what is allegation versus what can actually be independently established.  We’re also going down the deeper rabbit hole: the alleged connections people have drawn to Jeffrey Epstein, MKUltra and mind-control programs, SRA allegations, claims of powerful individuals being protected, and the broader question of whether Utah institutions adequately investigated what was being reported. I’ll explain how I got involved, what I’ve learned while investigating Gordon Bowen, the whistleblower claims that have emerged, and why I believe these questions deserve public scrutiny regardless of where the evidence ultimately leads. Tomorrow at 12:50 PM Mountain Time on Shaun Attwood — don’t miss it. 👀🔥  #LDS #Mormon #BookofMormon #ChurchofJesusChristofLatterdaySaints #ComeFollowMe
DdWodVUBwWy	2026-09-16T15:46:38+00:00	2026-09-16	latterdaychad	ldsabuseonx;theemmapreneurofficial;transcendental_mormon_mystic	2	https://www.instagram.com/p/DdWodVUBwWy/	Candace Owens is finally talking about it. For months I’ve been covering the SRA ch*ld s*x ab*se investigation centered on David Hamblin, who’s on-tape confession is described in police reports and available online, that also name David Leavitt and Gordon Bowen. Online, some have nicknamed Bowen “the Mormon Epstein,” and alleged victims reportedly called him “the Punisher.” Now one of the biggest voices in independent media has brought the story to millions of people. The real question is how deep she’ll be willing to go.  If you want the full picture, check out my podcast with @shaunattwood , where we walk through the case, and stay tuned for my upcoming episode with @jakeshields . Candace also mentioned the Homeland Security whistleblower report by @mrderrickbroze connected to this investigation, so read it for yourself and don’t just take anyone’s word for it, including mine. 🔍  I should also have an episode on the imagination podcast coming up sometime in the next couple weeks I’m not sure when but I’ll keep you guys updated when I learn more @theemmapreneurofficial   #epstein #churchofjesuschristoflatterdaysaints #candaceowens #Mkultra #charliekirk
Ddo496bJbFI	2026-09-23T17:56:14+00:00	2026-09-23	latterdaychad	ldsabuseonx;theemmapreneurofficial;yourimaginationisreal	1	https://www.instagram.com/p/Ddo496bJbFI/	Tomorrow I have a interview with @theemmapreneurofficial from imagination podcast on talking about the infiltration of secret combinations in our society and what we can do about it make sure to tune into that at 5pm Mtn or 6pm CST.  I’ll be talking about allegations surrounding Gordon Bowen, David Hamblin, and David Leavitt, along with the larger questions these stories have raised about institutional accountability, alleged abuse and cover-ups, and the claims people have connected to MKUltra and infiltration within influential institutions. We’re going to dig into what has actually been documented, what witnesses and investigators have alleged, and where the evidence ends and speculation begins.  These are serious subjects, and that’s exactly why they deserve scrutiny rather than rumors being treated as facts—or uncomfortable questions simply being ignored. Whether you agree with my conclusions or not, I think people should examine the evidence for themselves, question powerful institutions, and distinguish documented facts from allegations and theories. Tune in tomorrow to The Imagination Podcast for the full conversation.  #mkultra #epstein #jeffreyepstein #charliekirk #candaceowens
DduhG79pEg6	2026-09-25T22:47:28+00:00	2026-09-25	theemmapreneurofficial	latterdaychad;ldsabuseonx;yourimaginationisreal	2	https://www.instagram.com/p/DduhG79pEg6/	⛔️ “The LDS Church is the only religion on the earth that explicitly talks about satanic cults infiltrating the government and infiltrating the church in it’s Scriptures…” - Latter Day Chad / @latterdaychad ⛔️  🎧 FULL EPISODE OUT NOW - LINK IN BIO!  🎙️S6E97 | Latter Day Chad - Gordon Bowen, David Leavitt, David Hamblin & the LDS Church of Satan 🔗LINK: https://youtu.be/brfhYsUhYlk
