status_id	created_utc	day_pdt	kind	media_files	url	text
2083198426146103402	2026-07-31T14:29:43+00:00	2026-07-31	post	2	https://x.com/ldsabuse/status/2083198426146103402	Jeremy Belinski, the University of Utah graduate who is apparently a Board Member of Operation Underground Railroad, is big mad at me for pointing out the LDS Church habitually tolerates abuse, and wants to debate.  Anyone willing to host? https://t.co/hClilm5MnP
2083200357887332636	2026-07-31T14:37:23+00:00	2026-07-31	reply	1	https://x.com/ldsabuse/status/2083200357887332636	Oh, heavens. This might be the best debate of all time. https://t.co/gaT6qsJTy4
2083222647890997696	2026-07-31T16:05:58+00:00	2026-07-31	post	1	https://x.com/ldsabuse/status/2083222647890997696	Another Jacob Hansen myth buster. Will he ever acknowledge the truth? https://t.co/Tj3AY8bSRl
2083224631788355612	2026-07-31T16:13:51+00:00	2026-07-31	post	2	https://x.com/ldsabuse/status/2083224631788355612	It’s really important to step back and understand what’s happening right now regarding Gordon Bowen.  Tens, if not a hundred thousand or so people, are learning about Bowen, his predatory behavior, and his 40 year relationship with dozens of Mormon prophets, apostles, and General https://t.co/HFmi01QFYa
2083226215301710027	2026-07-31T16:20:08+00:00	2026-07-31	reply	0	https://x.com/ldsabuse/status/2083226215301710027	Yes, Candace is looking at the situation. See Zion Media’s show from last night where Latter-day Chad talks about it.  And she’s not the only one…  The church can control the NY Times, Washington Post, et al.  Can the secret society networks control the internet? Guess we’ll
2083236162357899622	2026-07-31T16:59:40+00:00	2026-07-31	post	1	https://x.com/ldsabuse/status/2083236162357899622	It's funny how they didn't mention that John R. Burt was best friends with Thomas S. Monson, that he was a former church leader, or that the church gave him a job at the Church Office Building (in the Welfare Department, I believe) after he got felony charges for... well, we https://t.co/umgFaCxzuO
2083240130282721519	2026-07-31T17:15:26+00:00	2026-07-31	reply	0	https://x.com/ldsabuse/status/2083240130282721519	@BufflerRider NPR makes me laugh. Do they still think they're relevant?
2083247531706699940	2026-07-31T17:44:51+00:00	2026-07-31	post	1	https://x.com/ldsabuse/status/2083247531706699940	Nothing says “All is well in Zion” like selling of empty meeting houses, amiright? https://t.co/jjWBLdswHH
2083248492919632252	2026-07-31T17:48:40+00:00	2026-07-31	reply	0	https://x.com/ldsabuse/status/2083248492919632252	@HolyRebellion11 Imagine if 7 of your 12 appeals in 2004 were members of quasi-religious secret societies that engaged in humiliation rituals, shame bonding, and the mental, emotional, and physical abuse of their initiates.  Oh, wait, you don’t have to imagine.  Haight Nelson Oaks Ballard
2083262439747981483	2026-07-31T18:44:05+00:00	2026-07-31	post	2	https://x.com/ldsabuse/status/2083262439747981483	🤦‍♂️🤦‍♂️😵‍💫🤦‍♂️🤦‍♂️ https://t.co/1sZcEggTdM
2083336195715543493	2026-07-31T23:37:10+00:00	2026-07-31	post	2	https://x.com/ldsabuse/status/2083336195715543493	Listen to some beautiful music while learning how M. Russell Ballard told a concerned church member that sexual predator Gordon Bowen had fooled all the Brethren, but especially James E. Faust, the man who had performed the homosexual Bowen’s marriage ceremony in the Salt Lake https://t.co/w4gBabsmcc
2083400381220991025	2026-08-01T03:52:13+00:00	2026-07-31	post	1	https://x.com/ldsabuse/status/2083400381220991025	Not long now, I think.  But you never know.  God works in mysterious ways, they say. 😉 https://t.co/mwlp9hbdyu
2083401275723456517	2026-08-01T03:55:46+00:00	2026-07-31	post	0	https://x.com/ldsabuse/status/2083401275723456517	My good man, I don’t *believe* in repentance… I am loving, breathing proof that it’s the only way forward.  I just wish my leaders would model it for all of us instead of acting like crony capitalists and secret society members. 🤷‍♂️
2083401435119542747	2026-08-01T03:56:24+00:00	2026-07-31	reply	0	https://x.com/ldsabuse/status/2083401435119542747	@Sezitlikeitiz1 Like Africa?  Yeah, I’ve seen this show before.
2083413385526251566	2026-08-01T04:43:53+00:00	2026-07-31	reply	0	https://x.com/ldsabuse/status/2083413385526251566	@BigRockInsights You better be careful or your going to get cox-blocked.
2083418847248257029	2026-08-01T05:05:35+00:00	2026-07-31	post	1	https://x.com/ldsabuse/status/2083418847248257029	Significant Sig, “My Daddy flies Mormon apostles around the world in his private jet” Jon Huntsman Jr. in Jeff Epstein’s little black book?  You should see the unredacted version. 😉  In hoc, sicko. https://t.co/tge9Oyojg4
2084350733978120333	2026-08-03T18:48:35+00:00	2026-08-03	post	1	https://x.com/ldsabuse/status/2084350733978120333	Was asked to share this…  https://t.co/VaDgGYkaUt https://t.co/onQdeVx01t
2084351216268595585	2026-08-03T18:50:29+00:00	2026-08-03	reply	0	https://x.com/ldsabuse/status/2084351216268595585	@ybobbjr Believing Elder Ballard has that authority? Totally agree.
2084391477614952585	2026-08-03T21:30:29+00:00	2026-08-03	post	1	https://x.com/ldsabuse/status/2084391477614952585	🤦‍♂️  How can a group of people who claim to be receiving the truth from the same source be so unable to agree on what’s true? Like, all the time. https://t.co/Z2Qc8RWZis
2084455214682137035	2026-08-04T01:43:45+00:00	2026-08-03	post	1	https://x.com/ldsabuse/status/2084455214682137035	I’ve got a lot to say about this, but I’ll just say this for tonight  Sooooo… David Douglas can’t freely associate with Shane Baldwin, but apostles and prophets can chill with sexual predator Gordon Bowen for Christmas parties, birthday parties and Disneyland trips?  Frat bro https://t.co/X7Qyf2K1Oq
2084500770007728360	2026-08-04T04:44:46+00:00	2026-08-03	post	1	https://x.com/ldsabuse/status/2084500770007728360	I really wish the church had just responsibly handled this when I came to them privately and asked them to address it. This has the potential to turn into a PR bloodbath.  Excommunicating members for who they associate with is rich when Elder Maxwell associated with Roselle https://t.co/cxKhSZaAFH
2084502633683828987	2026-08-04T04:52:10+00:00	2026-08-03	reply	0	https://x.com/ldsabuse/status/2084502633683828987	@thelastLamanite @ourrescue I’m very interested in this. Have you actually pulled the documents yet? I had posted about this a long time ago, but thought it was an AI hallucination.  Looks like maybe I was wrong?
2084505999876956355	2026-08-04T05:05:33+00:00	2026-08-03	post	1	https://x.com/ldsabuse/status/2084505999876956355	Okay, Larry. My only piece of advice? Don’t let Gordon slide his hands down your pants and molest you like he did with KK and AP - even if he does promise you the world.  Or commit any “abominations” with you like the guys he references here in his own handwriting.  Best of luck! https://t.co/nKMAVrzEWS
2084508670457471457	2026-08-04T05:16:09+00:00	2026-08-03	post	0	https://x.com/ldsabuse/status/2084508670457471457	This is going to be crazy because it’s kind of hard to stick up for Shane Baldwin in a lot of ways, but it’s going to cause some people to say some absolutely batty stuff out loud, like the guy Mark is replying to here (click through to see the insanity).  All while the prophets
2084511338882077145	2026-08-04T05:26:46+00:00	2026-08-03	post	2	https://x.com/ldsabuse/status/2084511338882077145	Once again, I testify to you in the name of Jesus Christ that Dallin H. Oaks has known about Gordon Bowen for over 20 years, calls Gordon Bowen evil in private, but has lacked the moral courage to help Gordon’s victims or publicly expel this wolf in sheep’s clothing from the https://t.co/gd46fT8LfS
2084516126403199292	2026-08-04T05:45:47+00:00	2026-08-03	post	2	https://x.com/ldsabuse/status/2084516126403199292	https://t.co/4I4wmH3wJx
2084518435610869817	2026-08-04T05:54:58+00:00	2026-08-03	post	0	https://x.com/ldsabuse/status/2084518435610869817	https://t.co/eypBEiCxjU
2084519720657514966	2026-08-04T06:00:04+00:00	2026-08-03	post	0	https://x.com/ldsabuse/status/2084519720657514966	I’ll offer my thoughts tomorrow night. In the meantime I hope everyone will pray for EVERYONE involved.
2087175648225665121	2026-08-11T13:53:47+00:00	2026-08-11	reply	0	https://x.com/ldsabuse/status/2087175648225665121	@OffensiveHugs You can claim it’s incongruous with reality, but the primary sources don’t lie. Just because you don’t know history doesn’t mean the history doesn’t exist.  Tell me… if you were to stop parroting the words of your secret society leaders, and follow the words of Jesus Christ
2087182808208875550	2026-08-11T14:22:14+00:00	2026-08-11	reply	0	https://x.com/ldsabuse/status/2087182808208875550	@BeTraumaFree Excellent! You sound much more centered today. Great job!
2087185314833977397	2026-08-11T14:32:11+00:00	2026-08-11	post	1	https://x.com/ldsabuse/status/2087185314833977397	I hope you will join me in praying for this individual. Thank you. https://t.co/K54fQXn08F
2087236494956044482	2026-08-11T17:55:34+00:00	2026-08-11	reply	0	https://x.com/ldsabuse/status/2087236494956044482	@OffensiveHugs Remember the Pharisees, and how focused they were on legalities?   You are a product of a polluted people, pairing polluted talking points.  I am not the one with a long list of immoral, unethical, and yes, illegal actions trailing behind me. So who, exactly, is it that needs to
2087289410270159007	2026-08-11T21:25:50+00:00	2026-08-11	reply	0	https://x.com/ldsabuse/status/2087289410270159007	@Lets_Talk_HC @farmingandJesus At least she’ll respond to you. Let’s talk Hayden.
2087299108016886089	2026-08-11T22:04:22+00:00	2026-08-11	post	2	https://x.com/ldsabuse/status/2087299108016886089	James E Faust, Sigma Chi M. Russell Ballard, and Goldbricker Dallin H. Oaks knew everything they needed to know about sexual predator Gordon Bowen to do the right thing.  They chose to ignore the injured sheep, and dine with the wolf for the last 30 years. No more. Not without https://t.co/HPfGgIjehG
2087313231488360912	2026-08-11T23:00:29+00:00	2026-08-11	post	1	https://x.com/ldsabuse/status/2087313231488360912	Lie upon lie upon lie.  Is Jacob’s dad in intelligence?  Someone should ask him. https://t.co/fAt1Sy4JhV
2087315334332125636	2026-08-11T23:08:50+00:00	2026-08-11	post	1	https://x.com/ldsabuse/status/2087315334332125636	Any debater with common sense would know what this is: a sophist trying to cast aspersions instead of debate topics.  No one is defending Shane Baldwin here, but these Mormon Priestcraft Podcast Network shills have no leg to stand on.  You want to talk about affiliations? DOZENS https://t.co/tB8WAr9DWN
2087316185301803475	2026-08-11T23:12:13+00:00	2026-08-11	reply	0	https://x.com/ldsabuse/status/2087316185301803475	@uspatriot121 Lay out the coherent theology, then, please.  I beg of you.
2087316250363908286	2026-08-11T23:12:29+00:00	2026-08-11	post	0	https://x.com/ldsabuse/status/2087316250363908286	Lay out the coherent theology, then, please.  I beg of you.
2087318147040739373	2026-08-11T23:20:01+00:00	2026-08-11	post	0	https://x.com/ldsabuse/status/2087318147040739373	It’s about as likely as half the members of The Quorum of The Twelve Apostles being members of quasi-religious secret societies that force their initiates to engage in humiliation rituals, shame bonding, and mentally, emotionally, and physically abusive activities.
2087323575816421699	2026-08-11T23:41:35+00:00	2026-08-11	post	1	https://x.com/ldsabuse/status/2087323575816421699	I’m hearing there are significant Utah ties to this story. Standby. https://t.co/3BHUbJNukM
2087324891087286284	2026-08-11T23:46:49+00:00	2026-08-11	reply	1	https://x.com/ldsabuse/status/2087324891087286284	Oh, it’s Operation Underground Railroad. https://t.co/DeyzG6qnHQ
2087335810244681806	2026-08-12T00:30:12+00:00	2026-08-11	reply	0	https://x.com/ldsabuse/status/2087335810244681806	@astarievening https://t.co/CwVUwWPqD3  https://t.co/1FpSUfFFGB  https://t.co/KI6DhkmM7b
2087339449956868449	2026-08-12T00:44:40+00:00	2026-08-11	reply	1	https://x.com/ldsabuse/status/2087339449956868449	@uspatriot121 You sound like a priesthood leader.  Go argue with Grok. https://t.co/TYMW8fayl0
2087357780650840271	2026-08-12T01:57:30+00:00	2026-08-11	reply	0	https://x.com/ldsabuse/status/2087357780650840271	@LukeFHan Which Mormon Corridor bubble do you live in?
2087362338961715331	2026-08-12T02:15:37+00:00	2026-08-11	post	0	https://x.com/ldsabuse/status/2087362338961715331	It’s not hard to do the right thing if you aren’t blinded by the worship of mortal leaders.  https://t.co/YAlw7BykXg
2087616798820651204	2026-08-12T19:06:45+00:00	2026-08-12	reply	0	https://x.com/ldsabuse/status/2087616798820651204	@hankrsmith Poverty does wonders for church growth… even your own leadership states that.
2087632223440601351	2026-08-12T20:08:03+00:00	2026-08-12	post	1	https://x.com/ldsabuse/status/2087632223440601351	I spy with my little eye an alleged predator protector at Dallin Oaks’ birthday celebration. Hi, Jack Ward! How’s that lawsuit going?  I wonder if they had the party at Gordon Bowen’s house? https://t.co/uExVsYAPGW
2087660666400219380	2026-08-12T22:01:04+00:00	2026-08-12	post	0	https://x.com/ldsabuse/status/2087660666400219380	Hazing is ritual abuse.  Sorry you don’t like it, Mormons.  I wouldn’t, either, if half my leaders from 1980 - 2025 participated in it. False traditions of their fathers, something, something…   https://t.co/NZyDfQ4AVQ
2087695359564791838	2026-08-13T00:18:55+00:00	2026-08-12	post	1	https://x.com/ldsabuse/status/2087695359564791838	🤣🤣🤣 https://t.co/2hAOoM4pdj
2087700239952056698	2026-08-13T00:38:19+00:00	2026-08-12	post	1	https://x.com/ldsabuse/status/2087700239952056698	The Mormon Priestcraft Podcast Network is a Safe Space Mutual Admiration Society. https://t.co/CWvfu0Eyzs
2087712534996423035	2026-08-13T01:27:10+00:00	2026-08-12	post	3	https://x.com/ldsabuse/status/2087712534996423035	I guess I fever dreamed some documents into existence.  They are terrible liars. Plagiarist and document forger Jonah Barnes especially.  Cardon told Jason Preston that Jonah would be there. Jason said he wanted his researcher to be there, too.  The second they found out I was https://t.co/IG73k3ydsJ
2087724215889731690	2026-08-13T02:13:35+00:00	2026-08-12	post	3	https://x.com/ldsabuse/status/2087724215889731690	“Links and I’ll eat my words…”  Or just delete your posts, it seems  There is no good argument against what I’ve uncovered anymore. Just a bunch of wankers running around puffing up their chests, then running away so they can live to see another day… 🤷‍♂️ https://t.co/CTKDDbYsEH
2087725306823983444	2026-08-13T02:17:55+00:00	2026-08-12	post	1	https://x.com/ldsabuse/status/2087725306823983444	Phew, lads. We have reached peak stupidity, it would seem. https://t.co/uTLqw4QGog
2087726144200003793	2026-08-13T02:21:15+00:00	2026-08-12	post	1	https://x.com/ldsabuse/status/2087726144200003793	Somebody should have told them we’re pirates, and we take no prisoners.  🏴‍☠️🏴‍☠️🏴‍☠️ 🤣🤣🤣 https://t.co/mYe29KqlhR
2087726815854940307	2026-08-13T02:23:55+00:00	2026-08-12	post	2	https://x.com/ldsabuse/status/2087726815854940307	No, no he doesn’t.  He debates people who let him choose the topic, engage in sophistry, and be a little piss-ant without accountability.  Jaaacob… post the DMs you deleted about how you respect me…. 😘😘😘 https://t.co/7xgZQVvGd0
2087727037452632297	2026-08-13T02:24:48+00:00	2026-08-12	post	0	https://x.com/ldsabuse/status/2087727037452632297	🏴‍☠️🏴‍☠️🏴‍☠️
2087734401102741732	2026-08-13T02:54:04+00:00	2026-08-12	post	2	https://x.com/ldsabuse/status/2087734401102741732	It’s so insane when I show my research to people not in the LDS Church, and how they respond.  Thank you, Emma, for providing me a platform where people aren’t seeking to gaslight and destroy me. 🤣🤣🤣 https://t.co/XBBl6F4KMS
2087736422723719479	2026-08-13T03:02:06+00:00	2026-08-12	post	1	https://x.com/ldsabuse/status/2087736422723719479	Fraternity life is the gateway drug to more severe forms of abuse.  You won’t change my mind. https://t.co/kQ7VmkqxRJ
2087738929860505913	2026-08-13T03:12:03+00:00	2026-08-12	post	1	https://x.com/ldsabuse/status/2087738929860505913	A lot of people ask me this.  Here’s my answer.  There is no point in being a member of a church where fealty to abusive men is required, and the spiritual body is constantly drained of priesthood power by frat bro corporate interests. https://t.co/TvaKIG6O6P
2087739600433270797	2026-08-13T03:14:43+00:00	2026-08-12	post	0	https://x.com/ldsabuse/status/2087739600433270797	So sue me.  When do people get deposed, dinkus?
2087741259754450948	2026-08-13T03:21:19+00:00	2026-08-12	post	2	https://x.com/ldsabuse/status/2087741259754450948	Soon, soon, they will come for my reputation.  When they do, be patient, please.  I documented it all. My abuser tells a great story, but lacks evidence.  I don’t tell stories, and have two decades of documentation.  Patience. https://t.co/dioPtpZTJp
2087741660855738458	2026-08-13T03:22:54+00:00	2026-08-12	post	0	https://x.com/ldsabuse/status/2087741660855738458	I’m offended. 😉
2089019816514351360	2026-08-16T16:01:51+00:00	2026-08-16	post	0	https://x.com/ldsabuse/status/2089019816514351360	Willful defiance.  Where the Mormon leaders go, the sisters follow. Like sheep to the slaughter.  https://t.co/wK3tkrm16g
2089043016149327901	2026-08-16T17:34:02+00:00	2026-08-16	post	2	https://x.com/ldsabuse/status/2089043016149327901	Bohemian Grove banksters running cover for scared Rotarian LDS prophets?  Sounds legit.  The David M. Kennedy / Spencer W.Kimball church expansion plan was based on fear, not revelation, and operated outside priesthood channels. What channels was Kennedy using?  IMF channels? https://t.co/PV8kKa8yBn
2089054427114074446	2026-08-16T18:19:22+00:00	2026-08-16	reply	0	https://x.com/ldsabuse/status/2089054427114074446	@OaksDallinH Pay Lay Ale!
2089113054076186697	2026-08-16T22:12:20+00:00	2026-08-16	post	0	https://x.com/ldsabuse/status/2089113054076186697	Never, EVER disclose to LDS lawyers at Kirton McConkie. I’ll show you why next Sunday on the show I just recorded with @TheEmmapreneur.
2089132602846216565	2026-08-16T23:30:01+00:00	2026-08-16	post	0	https://x.com/ldsabuse/status/2089132602846216565	Yup. And judges will say things like “the abuser is controlling and knows how to push the abused’s buttons, BUT…”  🤷‍♂️
2089150428424352010	2026-08-17T00:40:51+00:00	2026-08-16	post	0	https://x.com/ldsabuse/status/2089150428424352010	It’s a deposition, Tina, backed by thousands of pages of documentation.  Believe what you want. I really don’t care anymore. Mormons are some of the most wicked people I have ever met when it comes to acknowledging fault. A prideful, vicious group. 🤷‍♂️
2089164274400711121	2026-08-17T01:35:52+00:00	2026-08-16	reply	0	https://x.com/ldsabuse/status/2089164274400711121	@NoogaJack @RiseToLiberty Miss seeing your stuff. Glad this came across my feed.
2089202742937989230	2026-08-17T04:08:44+00:00	2026-08-16	post	2	https://x.com/ldsabuse/status/2089202742937989230	In the course of doing this research there have only been two times when I felt overwhelmed by my inability to share a critical piece of information with a larger audience than the one I have access to.  One of those times is right now. This story about Kirton McConkie has me https://t.co/cQD4KwO8Kh
2090348525842260151	2026-08-20T08:01:40+00:00	2026-08-20	reply	0	https://x.com/ldsabuse/status/2090348525842260151	@FoxMammaWisdom @HowieDoohan4 Whose journal?  What letters?  Remember rule number one: anyone can say anything…
2090581886380949752	2026-08-20T23:28:57+00:00	2026-08-20	post	2	https://x.com/ldsabuse/status/2090581886380949752	140k more learning about sexual predator Gordon Bowen. https://t.co/zf9r3oAALI
2090582791163359427	2026-08-20T23:32:33+00:00	2026-08-20	post	0	https://x.com/ldsabuse/status/2090582791163359427	Kirton McConkie hiding evidence from two victims who desperately needed each other?   Yes.  Both women nearly died, at least in part because LDS, Inc. and Kirton McConkie care more about the image and assets of the corporation than they do God’s children. This is a story you
2090620008321691811	2026-08-21T02:00:26+00:00	2026-08-20	post	1	https://x.com/ldsabuse/status/2090620008321691811	Such an honor.  https://t.co/z40iiZKOer https://t.co/k8TjS7A8CE
2090629120438776305	2026-08-21T02:36:38+00:00	2026-08-20	post	2	https://x.com/ldsabuse/status/2090629120438776305	A Mormon caste system?   Yeah, no kidding.  I want to give Kwaiku credit for attempting to buck this system, and encourage others to quit supporting and sustaining a system which goes against every value in the scriptures I’m aware of.  Just because you can’t win the argument https://t.co/tWhMcQBcYL
2090673821090988414	2026-08-21T05:34:16+00:00	2026-08-20	post	2	https://x.com/ldsabuse/status/2090673821090988414	No true prophet can also be the incumbent (President) of a corporate sole.   You’re welcome.  ———— SOCRATES: Tell me, then: what is a corporation sole? STUDENT: A legal entity created under state law in which a single office—the incumbent—holds all the powers of the corporation. https://t.co/J2xXEEQaFG
2090673868713201874	2026-08-21T05:34:27+00:00	2026-08-20	reply	0	https://x.com/ldsabuse/status/2090673868713201874	SOCRATES: If the duties conflict, which one does the civil law require him to prefer? STUDENT: The duty to the corporation. SOCRATES: And which one does the doctrine of the spiritual body require him to prefer? STUDENT: The duty to the flock and to God. SOCRATES: Then a man who
2090675291081310510	2026-08-21T05:40:06+00:00	2026-08-20	reply	0	https://x.com/ldsabuse/status/2090675291081310510	@1Dirkson Yes, that is part of the system of oppression and exclusion.
2091896185548054641	2026-08-24T14:31:30+00:00	2026-08-24	reply	0	https://x.com/ldsabuse/status/2091896185548054641	@syninlv Yup. Those Skull and Bones Bennetts sure did a number on our country. Scum of the earth.
2091952743950803111	2026-08-24T18:16:15+00:00	2026-08-24	reply	0	https://x.com/ldsabuse/status/2091952743950803111	@BednarDavidA Did you erase the last message because I told everyone how Dave looked to paddle people’s asses when he was a Goldbricker at BYU? 🤣  Ask him about it!  Call him “Zero Bednar”. He loves that!
2091953048096526374	2026-08-24T18:17:27+00:00	2026-08-24	post	1	https://x.com/ldsabuse/status/2091953048096526374	Pfft.  They’re reposting new versions of apostles messages to keep their secrets safe. 🤣 https://t.co/hYHlo7wvPU
2091964472352989426	2026-08-24T19:02:51+00:00	2026-08-24	post	1	https://x.com/ldsabuse/status/2091964472352989426	"Someone should tell @ThoughtfulSaint that people see his gross behavior, and it's affecting his public image.  He's the priesthood holder, right? He has standards to live up to, which maybe... just maybe... don't include calling people you can't beat in an argument ""crazy"" just https://t.co/lERWSQeQDV"
2091965336518107646	2026-08-24T19:06:17+00:00	2026-08-24	post	1	https://x.com/ldsabuse/status/2091965336518107646	"Just think about how much fun I'm going to have for all those years that ass-paddling Goldbricker Dave Bednar is church President for.  If he thinks his ass hurt back in the days when they called him ""Zero Bednar"" just wait until I'm done with him.  Or, he could like, I don't https://t.co/POC9R6Ri40"
2091966897591861716	2026-08-24T19:12:29+00:00	2026-08-24	reply	1	https://x.com/ldsabuse/status/2091966897591861716	Making paddles used to abuse other human beings, Dave?  For shame. https://t.co/9YH8AfGPws
2091967628709372224	2026-08-24T19:15:24+00:00	2026-08-24	reply	1	https://x.com/ldsabuse/status/2091967628709372224	How did Dave Bednar manage to not get kicked off campus?  You know the answer. Some animals are just more special than the others, right? https://t.co/zTexbXblvu
2092004500026368380	2026-08-24T21:41:55+00:00	2026-08-24	post	1	https://x.com/ldsabuse/status/2092004500026368380	Who could have guessed this handsome devil would end up playing pickleball with a sexual predator every week.  Mom and Dad must be so proud.  Imagine... three consecutive years of BYU producing a Rhodes Scholar. Amazing. https://t.co/vQyo2zX1e9
2092009887404314748	2026-08-24T22:03:19+00:00	2026-08-24	post	1	https://x.com/ldsabuse/status/2092009887404314748	🤣🤣🤣  So someone sent me this screenshot, and there’s old @FirmesConstante, who has been commenting on my feed for years despite being muted, yapping away at the ether.  LOL - maybe Sed is Jacob’s alt account or something. Too funny. https://t.co/IyEHfpWWYg
2092010087212622290	2026-08-24T22:04:07+00:00	2026-08-24	post	0	https://x.com/ldsabuse/status/2092010087212622290	But it’s the perfect age developmentally to lock a kid in emotionally, so there’s that…
2092010714936353217	2026-08-24T22:06:36+00:00	2026-08-24	reply	0	https://x.com/ldsabuse/status/2092010714936353217	@JasonDDonahoe @rennydzzzzz @BednarDavidA Well…  Marvin J. Ashton and Hales were definitely Skull and Bones.  Nelson says he was, but I think he lied about that. He was Owl and Key, though, so same difference.  Oaks and Bednar were Goldbrickers.  Buncha ass paddling fools. 🤣
2092012610954686949	2026-08-24T22:14:08+00:00	2026-08-24	post	0	https://x.com/ldsabuse/status/2092012610954686949	Yeesh, @WardRadioShow must see that Zion media’s numbers are climbing.   What is this? Everyone knows that The Three Nephites are busy as paperboys for the Ballard family. Get with it, guys.
2092012757927317609	2026-08-24T22:14:43+00:00	2026-08-24	post	0	https://x.com/ldsabuse/status/2092012757927317609	Those eyes… I’ve seen those eyes before.
2092033973719326960	2026-08-24T23:39:02+00:00	2026-08-24	post	1	https://x.com/ldsabuse/status/2092033973719326960	I’m so shocked that in the neighborhood with the highest number of frat boys and most entitled Mormons in the planet that there was a “Fight Club” using ward meetinghouses to stage their events.  Those silly Leavitts. Seems there’s a certain laissez faire attitude regarding being https://t.co/jF6pJlvXVd
2092034138534555746	2026-08-24T23:39:41+00:00	2026-08-24	reply	1	https://x.com/ldsabuse/status/2092034138534555746	https://t.co/eJEGz9ualz
2092037115970273636	2026-08-24T23:51:31+00:00	2026-08-24	post	1	https://x.com/ldsabuse/status/2092037115970273636	Don’t worry, guys. The Mormon Priestcraft Podcast Network’s resident plagiarist assures you there’s nothing to see. https://t.co/QpBhqps8a5
2092038589962219712	2026-08-24T23:57:22+00:00	2026-08-24	post	1	https://x.com/ldsabuse/status/2092038589962219712	I’m glad people are beginning to see the truth about the wolves in sheep’s clothing at @KirtonMcConkie. It’s incredible that even their little mascot, Randy Austin, can’t help taking advantage of abuse victims while parading around doing interviews designed to help his client’s https://t.co/DTkhVuMQS9
2092039228288889147	2026-08-24T23:59:54+00:00	2026-08-24	post	1	https://x.com/ldsabuse/status/2092039228288889147	Agreed. https://t.co/FL188gOaPN
2092040872342770077	2026-08-25T00:06:26+00:00	2026-08-24	post	1	https://x.com/ldsabuse/status/2092040872342770077	There will be more.  The longer LDS, Inc. sits on this abuse hotline coverup, and prays the story doesn’t spread, or that morons like Jacob Hansen are going to be able to stop me by calling me crazy,  the worse the damage will be.  You would think men being led by Jesus Christ https://t.co/l7bKJIoyNt
2092041203726299427	2026-08-25T00:07:45+00:00	2026-08-24	post	0	https://x.com/ldsabuse/status/2092041203726299427	Yeah, wow. It’s almost like I’m telling the truth, using historical data to back up my positions, or something. 😉
2092048219224121584	2026-08-25T00:35:38+00:00	2026-08-24	post	0	https://x.com/ldsabuse/status/2092048219224121584	Mr. Beast Mormonism continues.  Wonder what the Mission President has to say.
2092055879013072972	2026-08-25T01:06:04+00:00	2026-08-24	post	2	https://x.com/ldsabuse/status/2092055879013072972	I doubt I will ever say anything more important than this, no matter how long this research continues.  Link to the full interview below. https://t.co/qdotlkeDgR
2092055882284597545	2026-08-25T01:06:05+00:00	2026-08-24	reply	0	https://x.com/ldsabuse/status/2092055882284597545	https://t.co/iRw5vr5XOt
2092058774231982402	2026-08-25T01:17:35+00:00	2026-08-24	post	1	https://x.com/ldsabuse/status/2092058774231982402	The Mormon prophet has no grasp of the gospel of Jesus Christ.  Maybe he got smacked so hard on the ass when he joined Goldbrickers that it gave him a concussion, or something. https://t.co/M34AO4op7e
2092063950120567214	2026-08-25T01:38:09+00:00	2026-08-24	post	1	https://x.com/ldsabuse/status/2092063950120567214	I’m not crying, you’re crying.   Okay, I’m crying. 😭😭😭 https://t.co/DdhtQFmPKu
2092070035162366117	2026-08-25T02:02:19+00:00	2026-08-24	post	1	https://x.com/ldsabuse/status/2092070035162366117	Oh, look, Jacob has decided he cares about this topic if it spans have to do with @KirtonMcConkie.  My hero.   Doesn’t the guy who loves fake data know that Utah is perpetually at the top of the list for kids that self-harm, including killing themselves?  Grow up, Jacob. The kids https://t.co/58nUNA2ehg
2092077717902459275	2026-08-25T02:32:51+00:00	2026-08-24	post	0	https://x.com/ldsabuse/status/2092077717902459275	The church was Re-formed by a horny Masonic tyrant, and 99% of people don’t even know it.  https://t.co/yaoZeBUNS2
2092083959014228427	2026-08-25T02:57:39+00:00	2026-08-24	reply	0	https://x.com/ldsabuse/status/2092083959014228427	@jimstewartson “We have no government armed with power capable of contending with human passions unbridled by morality and religion. Avarice, ambition, revenge, or gallantry, would break the strongest cords of our Constitution as a whale goes through a net. Our Constitution was made only for a
2092085370343108922	2026-08-25T03:03:16+00:00	2026-08-24	post	2	https://x.com/ldsabuse/status/2092085370343108922	When @kirtonmcconkie lies, children of God can die. We’re lucky we didn’t lose these two victims that Kirton McConkie hid evidence from.  Link to full interview below. https://t.co/XQ4MZ0hA8C
2092085504040734947	2026-08-25T03:03:47+00:00	2026-08-24	post	0	https://x.com/ldsabuse/status/2092085504040734947	Two decades.  Get your facts straight, asshole.
2092087236955078761	2026-08-25T03:10:41+00:00	2026-08-24	post	0	https://x.com/ldsabuse/status/2092087236955078761	Why don't you listen to your friend Kwaku and bring me on the show to talk about Gordon Bowen?  Don't you trust your friend's judgment?
2092089982689198431	2026-08-25T03:21:35+00:00	2026-08-24	post	1	https://x.com/ldsabuse/status/2092089982689198431	Never forget. https://t.co/KGtl58Qtni
2092093433385017503	2026-08-25T03:35:18+00:00	2026-08-24	post	0	https://x.com/ldsabuse/status/2092093433385017503	These Mormons are super classy.  I lived in the shed for a couple years once the physical violence escalated, to avoid having my children observe abusive behavior.  Do you really think your idiocy is going to accomplish anything?
2092093550229909669	2026-08-25T03:35:46+00:00	2026-08-24	reply	0	https://x.com/ldsabuse/status/2092093550229909669	@shillypreston @Knight_Marcher They don't care. They're most likely abusers themselves.
2092097397258178960	2026-08-25T03:51:03+00:00	2026-08-24	post	5	https://x.com/ldsabuse/status/2092097397258178960	You wanna see something hilarious?  The screen fades to black at 55:44 with the timer at 3:28.  6 seconds later, at 55:50, Jesus’ voice starts telling the parable of the wheat and the tares.  The now invisible timer is at… 3:22.  Good luck finding this video on the internet https://t.co/qbg1tNSxkW
2092098139268219014	2026-08-25T03:54:00+00:00	2026-08-24	reply	0	https://x.com/ldsabuse/status/2092098139268219014	Listening again, it’s not Jesus talking, it’s one of the disciples.  Here’s the direct link:  https://t.co/PhIUUTk40M
2092121179653890141	2026-08-25T05:25:33+00:00	2026-08-24	post	0	https://x.com/ldsabuse/status/2092121179653890141	Maybe you should start by not letting white men take over your island for generations. 🤷‍♂️
